Active,Total,Pop,Med,Active,Total,Pop,Med,Active,Total,Pop,Med,Active,Total,Pop,Med,Active,Total,Pop,Med,Active,Total,Pop,Med,Active,Total,Pop,Med,Active,Total,Pop,Med,Active,Total,Pop,Med,Active,Total,Pop,Med,Active,Total,Pop,Med,Active,Total,Pop,Med,Active,Total,Pop,Med,Active,Total,Pop,Med,Active,Total,Pop,Med,Active,Total,Pop,Med,Active,Total,Pop,Med
3.71287E-07,3.71287E-07,3813,0.811228513,1.74307E-07,1.74307E-07,560,0.313519608,1.24378E-08,1.24378E-08,780,0.312251462,0,0,186.5,0.174421206,1.99064E-08,1.99064E-08,650.59,0.513979194,1.6129E-08,1.6129E-08,447,0.175311382,6.49954E-07,6.49954E-07,1292,0.593809524,1.95122E-07,1.95122E-07,373,0.239149453,2.59269E-08,2.59269E-08,322,0.224377576,0,0,57,0.063519701,2.29156E-07,2.29156E-07,620,0.277077778,4.13394E-08,4.13394E-08,206,0.144101695,2.88268E-08,2.88268E-08,203,0.159284091,4.31965E-07,4.31965E-07,272,0.152352941,1.33869E-08,1.33869E-08,400,0.431070858,0,0,83,0.044676211,5.23067E-08,5.23067E-08,572,0.425682635
6.60066E-07,6.60066E-07,3813,0.811228513,4.70629E-07,4.70629E-07,560,0.313519608,6.21891E-08,6.21891E-08,780,0.312251462,8.01496E-08,8.01496E-08,186.5,0.174421206,5.97193E-08,5.97193E-08,650.59,0.513979194,1.45161E-07,1.45161E-07,447,0.175311382,1.02136E-06,1.02136E-06,1292,0.593809524,2.92683E-07,2.92683E-07,373,0.239149453,1.29634E-07,1.29634E-07,322,0.224377576,7.80031E-08,0,57,0.063519701,2.6441E-07,2.82038E-07,620,0.277077778,1.03348E-07,1.03348E-07,206,0.144101695,8.64803E-08,8.64803E-08,203,0.159284091,5.39957E-07,5.39957E-07,272,0.152352941,0,1.33869E-08,400,0.431070858,7.05716E-08,7.05716E-08,83,0.044676211,5.23067E-08,5.23067E-08,572,0.425682635
7.83828E-07,8.25083E-07,3813,0.811228513,7.49521E-07,7.49521E-07,560,0.313519608,1.1194E-07,1.1194E-07,780,0.312251462,1.33583E-07,1.33583E-07,186.5,0.174421206,1.49298E-07,1.49298E-07,650.59,0.513979194,2.41935E-07,2.41935E-07,447,0.175311382,1.62488E-06,1.67131E-06,1292,0.593809524,8.78049E-07,8.78049E-07,373,0.239149453,2.59269E-07,2.59269E-07,322,0.224377576,7.80031E-08,0,57,0.063519701,4.49498E-07,4.67125E-07,620,0.277077778,4.75403E-07,4.75403E-07,206,0.144101695,8.64803E-08,8.64803E-08,203,0.159284091,8.63931E-07,8.63931E-07,272,0.152352941,1.33869E-08,2.67738E-08,400,0.431070858,1.05857E-07,1.41143E-07,83,0.044676211,9.41521E-08,9.41521E-08,572,0.425682635
1.32013E-06,1.36139E-06,3813,0.811228513,1.0807E-06,1.0807E-06,560,0.313519608,2.23881E-07,2.23881E-07,780,0.312251462,4.00748E-07,4.00748E-07,186.5,0.174421206,2.68737E-07,2.68737E-07,650.59,0.513979194,6.29032E-07,6.29032E-07,447,0.175311382,1.81058E-06,1.90344E-06,1292,0.593809524,1.85366E-06,1.85366E-06,373,0.239149453,4.66684E-07,4.66684E-07,322,0.224377576,1.56006E-07,0,57,0.063519701,6.6984E-07,6.87467E-07,620,0.277077778,4.75403E-07,4.75403E-07,206,0.144101695,1.15307E-07,1.15307E-07,203,0.159284091,2.05184E-06,2.05184E-06,272,0.152352941,9.37082E-08,1.07095E-07,400,0.431070858,2.82287E-07,3.17572E-07,83,0.044676211,3.34763E-07,3.34763E-07,572,0.425682635
1.56766E-06,1.65017E-06,3813,0.811228513,1.81279E-06,1.81279E-06,560,0.313519608,4.10448E-07,4.10448E-07,780,0.312251462,5.87764E-07,5.87764E-07,186.5,0.174421206,4.57848E-07,4.57848E-07,650.59,0.513979194,9.67742E-07,9.67742E-07,447,0.175311382,3.06407E-06,3.15692E-06,1292,0.593809524,2.43902E-06,2.43902E-06,373,0.239149453,9.07441E-07,9.07441E-07,322,0.224377576,2.73011E-07,0,57,0.063519701,9.60691E-07,9.78318E-07,620,0.277077778,7.44109E-07,7.44109E-07,206,0.144101695,1.44134E-07,1.44134E-07,203,0.159284091,2.37581E-06,2.37581E-06,272,0.152352941,1.60643E-07,1.74029E-07,400,0.431070858,4.94001E-07,5.29287E-07,83,0.044676211,8.5783E-07,8.68292E-07,572,0.425682635
2.02145E-06,2.18647E-06,3813,0.811228513,2.2137E-06,2.23113E-06,560,0.313519608,5.72139E-07,5.84577E-07,780,0.312251462,9.35079E-07,9.35079E-07,186.5,0.174421206,7.46491E-07,7.46491E-07,650.59,0.513979194,1.12903E-06,1.12903E-06,447,0.175311382,3.57474E-06,3.71402E-06,1292,0.593809524,3.57724E-06,3.57724E-06,373,0.239149453,1.52969E-06,1.52969E-06,322,0.224377576,5.46022E-07,0,57,0.063519701,1.29561E-06,1.33087E-06,620,0.277077778,9.50806E-07,9.50806E-07,206,0.144101695,2.01787E-07,2.01787E-07,203,0.159284091,3.45572E-06,3.56371E-06,272,0.152352941,2.27577E-07,2.40964E-07,400,0.431070858,7.05716E-07,7.41002E-07,83,0.044676211,1.32859E-06,1.33905E-06,572,0.425682635
3.09406E-06,3.30033E-06,3813,0.811228513,5.1072E-06,5.15949E-06,560,0.313519608,1.21891E-06,1.23134E-06,780,0.312251462,1.22896E-06,1.22896E-06,186.5,0.174421206,9.45556E-07,9.45556E-07,650.59,0.513979194,1.70968E-06,1.70968E-06,447,0.175311382,3.99257E-06,4.2247E-06,1292,0.593809524,4.29268E-06,4.29268E-06,373,0.239149453,2.07415E-06,2.07415E-06,322,0.224377576,7.4103E-07,0,57,0.063519701,1.78918E-06,1.82443E-06,620,0.277077778,1.01282E-06,1.05415E-06,206,0.144101695,2.59441E-07,2.59441E-07,203,0.159284091,4.21166E-06,4.31965E-06,272,0.152352941,4.2838E-07,4.41767E-07,400,0.431070858,1.12915E-06,1.16443E-06,83,0.044676211,1.74704E-06,1.75751E-06,572,0.425682635
3.71287E-06,3.9604E-06,3813,0.811228513,5.1072E-06,5.15949E-06,560,0.313519608,1.21891E-06,1.23134E-06,780,0.312251462,1.49613E-06,1.49613E-06,186.5,0.174421206,1.28397E-06,1.29392E-06,650.59,0.513979194,2.41935E-06,2.45161E-06,447,0.175311382,4.92108E-06,5.1532E-06,1292,0.593809524,4.74797E-06,4.78049E-06,373,0.239149453,2.17786E-06,2.17786E-06,322,0.224377576,9.36037E-07,0,57,0.063519701,2.39732E-06,2.44139E-06,620,0.277077778,1.1575E-06,1.19884E-06,206,0.144101695,2.30614E-07,2.59441E-07,203,0.159284091,4.53564E-06,4.64363E-06,272,0.152352941,6.29183E-07,6.4257E-07,400,0.431070858,1.30558E-06,1.34086E-06,83,0.044676211,2.12365E-06,2.15504E-06,572,0.425682635
4.37294E-06,4.62046E-06,3813,0.811228513,7.39062E-06,7.46035E-06,560,0.313519608,1.59204E-06,1.60448E-06,780,0.312251462,1.68314E-06,1.68314E-06,186.5,0.174421206,1.56266E-06,1.57261E-06,650.59,0.513979194,3.19355E-06,3.22581E-06,447,0.175311382,5.06035E-06,5.29248E-06,1292,0.593809524,5.88618E-06,5.9187E-06,373,0.239149453,2.61862E-06,2.61862E-06,322,0.224377576,1.01404E-06,0,57,0.063519701,3.03191E-06,3.12004E-06,620,0.277077778,1.5709E-06,1.61224E-06,206,0.144101695,3.17094E-07,3.45921E-07,203,0.159284091,4.75162E-06,4.9676E-06,272,0.152352941,8.5676E-07,8.70147E-07,400,0.431070858,1.482E-06,1.55258E-06,83,0.044676211,2.86641E-06,2.90825E-06,572,0.425682635
5.85809E-06,6.31188E-06,3813,0.811228513,1.01098E-05,1.0441E-05,560,0.313519608,2.45025E-06,2.51244E-06,780,0.312251462,2.32434E-06,2.32434E-06,186.5,0.174421206,1.81149E-06,1.83139E-06,650.59,0.513979194,3.77419E-06,3.82258E-06,447,0.175311382,6.17456E-06,6.45311E-06,1292,0.593809524,6.82927E-06,6.86179E-06,373,0.239149453,3.11123E-06,3.11123E-06,322,0.224377576,1.13105E-06,0,57,0.063519701,3.74581E-06,3.84276E-06,620,0.277077778,1.75692E-06,1.79826E-06,206,0.144101695,7.78322E-07,8.35976E-07,203,0.159284091,5.39957E-06,5.61555E-06,272,0.152352941,1.08434E-06,1.09772E-06,400,0.431070858,2.01129E-06,2.08186E-06,83,0.044676211,3.63009E-06,3.68239E-06,572,0.425682635
6.51815E-06,6.97195E-06,3813,0.811228513,1.0075E-05,1.0441E-05,560,0.313519608,2.43781E-06,2.51244E-06,780,0.312251462,2.69837E-06,2.69837E-06,186.5,0.174421206,2.0205E-06,2.05036E-06,650.59,0.513979194,4.70968E-06,4.79032E-06,447,0.175311382,7.33519E-06,7.79944E-06,1292,0.593809524,7.90244E-06,8.03252E-06,373,0.239149453,3.73347E-06,3.73347E-06,322,0.224377576,1.56006E-06,0,57,0.063519701,4.59193E-06,4.71532E-06,620,0.277077778,2.02563E-06,2.06697E-06,206,0.144101695,7.78322E-07,8.35976E-07,203,0.159284091,6.47948E-06,6.69546E-06,272,0.152352941,1.27175E-06,1.28514E-06,400,0.431070858,2.68172E-06,2.82287E-06,83,0.044676211,4.36238E-06,4.41469E-06,572,0.425682635
7.05446E-06,7.50825E-06,3813,0.811228513,1.11208E-05,1.15217E-05,560,0.313519608,2.84826E-06,2.93532E-06,780,0.312251462,3.09912E-06,3.09912E-06,186.5,0.174421206,2.22952E-06,2.28924E-06,650.59,0.513979194,5.37097E-06,5.48387E-06,447,0.175311382,8.40297E-06,8.86722E-06,1292,0.593809524,9.46341E-06,9.7561E-06,373,0.239149453,4.12237E-06,4.12237E-06,322,0.224377576,1.87207E-06,1.17005E-07,57,0.063519701,5.43804E-06,5.57025E-06,620,0.277077778,2.253E-06,2.29434E-06,206,0.144101695,1.03776E-06,1.09542E-06,203,0.159284091,6.37149E-06,6.91145E-06,272,0.152352941,1.33869E-06,1.39224E-06,400,0.431070858,3.21101E-06,3.35215E-06,83,0.044676211,5.03191E-06,5.15744E-06,572,0.425682635
7.92079E-06,8.37459E-06,3813,0.811228513,1.19923E-05,1.26198E-05,560,0.313519608,3.27114E-06,3.37065E-06,780,0.312251462,3.41972E-06,3.41972E-06,186.5,0.174421206,2.50821E-06,2.57788E-06,650.59,0.513979194,6.35484E-06,6.58065E-06,447,0.175311382,9.23863E-06,9.84215E-06,1292,0.593809524,1.06016E-05,1.09593E-05,373,0.239149453,4.61499E-06,4.64091E-06,322,0.224377576,2.02808E-06,1.17005E-07,57,0.063519701,6.20483E-06,6.38992E-06,620,0.277077778,2.48036E-06,2.62505E-06,206,0.144101695,1.26838E-06,1.32603E-06,203,0.159284091,7.23542E-06,7.77538E-06,272,0.152352941,1.45917E-06,1.51272E-06,400,0.431070858,4.12844E-06,4.26958E-06,83,0.044676211,5.73282E-06,5.92112E-06,572,0.425682635
8.49835E-06,9.03465E-06,3813,0.811228513,1.34042E-05,1.44501E-05,560,0.313519608,3.68159E-06,3.83085E-06,780,0.312251462,3.74032E-06,3.79375E-06,186.5,0.174421206,2.62765E-06,2.73714E-06,650.59,0.513979194,7.41935E-06,7.74194E-06,447,0.175311382,9.47075E-06,1.0585E-05,1292,0.593809524,1.15447E-05,1.19024E-05,373,0.239149453,4.95204E-06,5.02982E-06,322,0.224377576,2.06708E-06,1.56006E-07,57,0.063519701,6.90111E-06,7.16552E-06,620,0.277077778,2.66639E-06,2.87309E-06,206,0.144101695,1.6143E-06,1.67195E-06,203,0.159284091,7.99136E-06,8.63931E-06,272,0.152352941,1.61981E-06,1.68675E-06,400,0.431070858,5.25759E-06,5.4693E-06,83,0.044676211,6.75803E-06,7.06141E-06,572,0.425682635
9.36469E-06,1.00248E-05,3813,0.811228513,1.42583E-05,1.56005E-05,560,0.313519608,3.96766E-06,4.24129E-06,780,0.312251462,4.24793E-06,4.40823E-06,186.5,0.174421206,2.90634E-06,3.05564E-06,650.59,0.513979194,8.17742E-06,8.54839E-06,447,0.175311382,1.0585E-05,1.17456E-05,1292,0.593809524,1.20976E-05,1.26504E-05,373,0.239149453,5.02982E-06,5.31501E-06,322,0.224377576,2.18409E-06,2.34009E-07,57,0.063519701,7.45637E-06,7.88824E-06,620,0.277077778,2.83175E-06,3.10045E-06,206,0.144101695,1.55664E-06,1.84491E-06,203,0.159284091,1.00432E-05,1.06911E-05,272,0.152352941,1.71352E-06,1.80723E-06,400,0.431070858,6.38673E-06,6.7043E-06,83,0.044676211,7.47986E-06,7.99247E-06,572,0.425682635
9.5297E-06,1.06023E-05,3813,0.811228513,1.5217E-05,1.66289E-05,560,0.313519608,4.29104E-06,4.6393E-06,780,0.312251462,4.38151E-06,4.62196E-06,186.5,0.174421206,3.18503E-06,3.45377E-06,650.59,0.513979194,8.98387E-06,9.53226E-06,447,0.175311382,1.12349E-05,1.27205E-05,1292,0.593809524,1.25203E-05,1.33659E-05,373,0.239149453,5.2113E-06,5.57428E-06,322,0.224377576,2.18409E-06,2.34009E-07,57,0.063519701,7.94112E-06,8.54927E-06,620,0.277077778,3.18313E-06,3.47251E-06,206,0.144101695,1.84491E-06,2.0467E-06,203,0.159284091,1.04752E-05,1.14471E-05,272,0.152352941,1.91432E-06,2.10174E-06,400,0.431070858,7.62174E-06,8.00988E-06,83,0.044676211,8.29585E-06,8.9026E-06,572,0.425682635
1.01485E-05,1.14274E-05,3813,0.811228513,1.57922E-05,1.75353E-05,560,0.313519608,4.60199E-06,5.07463E-06,780,0.312251462,4.46166E-06,4.91584E-06,186.5,0.174421206,3.47367E-06,3.84194E-06,650.59,0.513979194,9.96774E-06,1.07258E-05,447,0.175311382,1.22098E-05,1.37883E-05,1292,0.593809524,1.27805E-05,1.38537E-05,373,0.239149453,5.28908E-06,5.80762E-06,322,0.224377576,2.26209E-06,3.51014E-07,57,0.063519701,8.32893E-06,9.11334E-06,620,0.277077778,3.2038E-06,3.55519E-06,206,0.144101695,2.13318E-06,2.33497E-06,203,0.159284091,1.13391E-05,1.2635E-05,272,0.152352941,1.99465E-06,2.30254E-06,400,0.431070858,9.24488E-06,9.77417E-06,83,0.044676211,8.63061E-06,9.56167E-06,572,0.425682635
1.0066E-05,1.17987E-05,3813,0.811228513,1.53042E-05,1.82674E-05,560,0.313519608,4.92537E-06,5.4602E-06,780,0.312251462,4.67539E-06,5.20972E-06,186.5,0.174421206,3.7026E-06,4.14054E-06,650.59,0.513979194,1.0871E-05,1.18226E-05,447,0.175311382,1.29526E-05,1.4624E-05,1292,0.593809524,1.25854E-05,1.39187E-05,373,0.239149453,5.57428E-06,6.19653E-06,322,0.224377576,2.5741E-06,4.68019E-07,57,0.063519701,8.65503E-06,9.65098E-06,620,0.277077778,3.43117E-06,3.78255E-06,206,0.144101695,2.33497E-06,2.56558E-06,203,0.159284091,1.16631E-05,1.33909E-05,272,0.152352941,2.19545E-06,2.61044E-06,400,0.431070858,9.77417E-06,1.04093E-05,83,0.044676211,9.00722E-06,1.02626E-05,572,0.425682635
1.0231E-05,1.21287E-05,3813,0.811228513,1.54262E-05,1.8738E-05,560,0.313519608,4.92537E-06,5.8209E-06,780,0.312251462,4.88913E-06,5.55704E-06,186.5,0.174421206,3.78222E-06,4.41923E-06,650.59,0.513979194,1.13871E-05,1.25645E-05,447,0.175311382,1.3324E-05,1.51346E-05,1292,0.593809524,1.34959E-05,1.52195E-05,373,0.239149453,5.57428E-06,6.48172E-06,322,0.224377576,2.5351E-06,6.24025E-07,57,0.063519701,8.71673E-06,9.96827E-06,620,0.277077778,3.63787E-06,4.03059E-06,206,0.144101695,2.62323E-06,2.85385E-06,203,0.159284091,1.17711E-05,1.41469E-05,272,0.152352941,2.27577E-06,2.7577E-06,400,0.431070858,1.0127E-05,1.08327E-05,83,0.044676211,9.14322E-06,1.08066E-05,572,0.425682635
1.03135E-05,1.2335E-05,3813,0.811228513,1.52867E-05,1.90343E-05,560,0.313519608,5.12438E-06,6.1194E-06,780,0.312251462,4.88913E-06,5.69062E-06,186.5,0.174421206,3.97133E-06,4.6382E-06,650.59,0.513979194,1.19194E-05,1.33871E-05,447,0.175311382,1.35097E-05,1.56453E-05,1292,0.593809524,1.35935E-05,1.58049E-05,373,0.239149453,5.75577E-06,6.76692E-06,322,0.224377576,2.4961E-06,6.63027E-07,57,0.063519701,8.73436E-06,1.02151E-05,620,0.277077778,3.82389E-06,4.34064E-06,206,0.144101695,2.82502E-06,3.14212E-06,203,0.159284091,1.2527E-05,1.49028E-05,272,0.152352941,2.3427E-06,2.91834E-06,400,0.431070858,1.0374E-05,1.16796E-05,83,0.044676211,9.16414E-06,1.1225E-05,572,0.425682635
1.02723E-05,1.25E-05,3813,0.811228513,1.50427E-05,1.94701E-05,560,0.313519608,5.28607E-06,6.40547E-06,780,0.312251462,4.99599E-06,5.85092E-06,186.5,0.174421206,4.04101E-06,4.84722E-06,650.59,0.513979194,1.21129E-05,1.3871E-05,447,0.175311382,1.35097E-05,1.58774E-05,1292,0.593809524,1.37561E-05,1.64228E-05,373,0.239149453,5.75577E-06,6.92248E-06,322,0.224377576,2.34009E-06,9.36037E-07,57,0.063519701,8.49639E-06,1.03737E-05,620,0.277077778,3.74122E-06,4.44399E-06,206,0.144101695,3.14212E-06,3.661E-06,203,0.159284091,1.3067E-05,1.55508E-05,272,0.152352941,2.53012E-06,3.19946E-06,400,0.431070858,1.14326E-05,1.27029E-05,83,0.044676211,9.20598E-06,1.15598E-05,572,0.425682635
1.04373E-05,1.283E-05,3813,0.811228513,1.43106E-05,1.97141E-05,560,0.313519608,5.29851E-06,6.75373E-06,780,0.312251462,4.86241E-06,6.01122E-06,186.5,0.174421206,4.01115E-06,4.94675E-06,650.59,0.513979194,1.22258E-05,1.43387E-05,447,0.175311382,1.36026E-05,1.63417E-05,1292,0.593809524,1.34309E-05,1.68455E-05,373,0.239149453,5.67799E-06,7.05211E-06,322,0.224377576,2.10608E-06,1.20905E-06,57,0.063519701,8.3113E-06,1.07439E-05,620,0.277077778,3.90657E-06,4.58867E-06,206,0.144101695,3.28625E-06,3.83396E-06,203,0.159284091,1.36069E-05,1.69546E-05,272,0.152352941,2.61044E-06,3.36011E-06,400,0.431070858,1.19619E-05,1.3338E-05,83,0.044676211,9.21645E-06,1.18736E-05,572,0.425682635
1.0396E-05,1.2995E-05,3813,0.811228513,1.41537E-05,1.99582E-05,560,0.313519608,5.44776E-06,7.08955E-06,780,0.312251462,4.88913E-06,6.11809E-06,186.5,0.174421206,4.00119E-06,5.06619E-06,650.59,0.513979194,1.20645E-05,1.46774E-05,447,0.175311382,1.3649E-05,1.69916E-05,1292,0.593809524,1.29106E-05,1.72033E-05,373,0.239149453,5.75577E-06,7.2336E-06,322,0.224377576,1.91108E-06,1.52106E-06,57,0.063519701,8.15265E-06,1.09378E-05,620,0.277077778,3.86523E-06,4.58867E-06,206,0.144101695,3.08446E-06,3.89161E-06,203,0.159284091,1.32829E-05,1.69546E-05,272,0.152352941,2.59705E-06,3.54752E-06,400,0.431070858,1.24559E-05,1.39379E-05,83,0.044676211,9.02814E-06,1.22293E-05,572,0.425682635
9.36469E-06,1.31188E-05,3813,0.811228513,1.37354E-05,2.01325E-05,560,0.313519608,5.59701E-06,7.37562E-06,780,0.312251462,4.70211E-06,6.1448E-06,186.5,0.174421206,3.83199E-06,5.20553E-06,650.59,0.513979194,1.18548E-05,1.50645E-05,447,0.175311382,1.34169E-05,1.72702E-05,1292,0.593809524,1.23577E-05,1.74634E-05,373,0.239149453,5.65206E-06,7.28546E-06,322,0.224377576,1.91108E-06,1.52106E-06,57,0.063519701,7.90587E-06,1.1114E-05,620,0.277077778,3.8859E-06,4.67135E-06,206,0.144101695,3.19977E-06,4.03575E-06,203,0.159284091,1.2095E-05,1.71706E-05,272,0.152352941,2.58367E-06,3.78849E-06,400,0.431070858,1.27382E-05,1.47848E-05,83,0.044676211,8.53646E-06,1.23862E-05,572,0.425682635
8.29208E-06,1.34488E-05,3813,0.811228513,1.29859E-05,2.02545E-05,560,0.313519608,5.38557E-06,7.51244E-06,780,0.312251462,4.59524E-06,6.19824E-06,186.5,0.174421206,3.7225E-06,5.29511E-06,650.59,0.513979194,1.16613E-05,1.53226E-05,447,0.175311382,1.26741E-05,1.74095E-05,1292,0.593809524,1.15447E-05,1.76911E-05,373,0.239149453,5.54835E-06,7.38916E-06,322,0.224377576,1.52106E-06,1.91108E-06,57,0.063519701,7.77366E-06,1.14049E-05,620,0.277077778,3.90657E-06,4.85738E-06,206,0.144101695,2.9115E-06,4.12223E-06,203,0.159284091,1.2851E-05,1.74946E-05,272,0.152352941,2.50335E-06,3.89558E-06,400,0.431070858,1.22089E-05,1.49965E-05,83,0.044676211,8.45277E-06,1.26792E-05,572,0.425682635
7.71452E-06,1.35314E-05,3813,0.811228513,1.26547E-05,2.03416E-05,560,0.313519608,5.06219E-06,7.67413E-06,780,0.312251462,4.40823E-06,6.3051E-06,186.5,0.174421206,3.60307E-06,5.34488E-06,650.59,0.513979194,1.13065E-05,1.55161E-05,447,0.175311382,1.2442E-05,1.76416E-05,1292,0.593809524,1.10244E-05,1.79187E-05,373,0.239149453,5.31501E-06,7.44102E-06,322,0.224377576,1.32605E-06,2.10608E-06,57,0.063519701,7.48281E-06,1.15988E-05,620,0.277077778,3.84456E-06,4.89872E-06,206,0.144101695,2.79619E-06,4.15105E-06,203,0.159284091,1.14471E-05,1.74946E-05,272,0.152352941,2.57028E-06,4.01606E-06,400,0.431070858,1.25265E-05,1.57022E-05,83,0.044676211,8.13893E-06,1.28779E-05,572,0.425682635
7.0132E-06,1.36964E-05,3813,0.811228513,1.194E-05,2.04114E-05,560,0.313519608,4.70149E-06,7.78607E-06,780,0.312251462,4.30136E-06,6.41197E-06,186.5,0.174421206,3.46372E-06,5.38469E-06,650.59,0.513979194,1.10806E-05,1.56935E-05,447,0.175311382,1.22098E-05,1.7688E-05,1292,0.593809524,1.05041E-05,1.79837E-05,373,0.239149453,5.18538E-06,7.5188E-06,322,0.224377576,1.20905E-06,2.26209E-06,57,0.063519701,6.99806E-06,1.16517E-05,620,0.277077778,3.78255E-06,4.91939E-06,206,0.144101695,2.53675E-06,4.20871E-06,203,0.159284091,1.07991E-05,1.76026E-05,272,0.152352941,2.35609E-06,4.02945E-06,400,0.431070858,1.27382E-05,1.61256E-05,83,0.044676211,7.54263E-06,1.30348E-05,572,0.425682635
6.39439E-06,1.37376E-05,3813,0.811228513,1.13648E-05,2.04288E-05,560,0.313519608,4.41542E-06,7.82338E-06,780,0.312251462,4.0342E-06,6.41197E-06,186.5,0.174421206,3.27461E-06,5.4046E-06,650.59,0.513979194,9.91935E-06,1.58387E-05,447,0.175311382,1.2117E-05,1.79666E-05,1292,0.593809524,9.62602E-06,1.80488E-05,373,0.239149453,5.15945E-06,7.57065E-06,322,0.224377576,1.05304E-06,2.4181E-06,57,0.063519701,6.68958E-06,1.17046E-05,620,0.277077778,3.53452E-06,5.00207E-06,206,0.144101695,2.24849E-06,4.20871E-06,203,0.159284091,8.63931E-06,1.76026E-05,272,0.152352941,2.22222E-06,4.09639E-06,400,0.431070858,1.20677E-05,1.63726E-05,83,0.044676211,7.49032E-06,1.31499E-05,572,0.425682635
5.98185E-06,1.37376E-05,3813,0.811228513,1.07199E-05,2.04637E-05,560,0.313519608,4.11692E-06,7.84826E-06,780,0.312251462,3.74032E-06,6.4654E-06,186.5,0.174421206,3.0855E-06,5.41455E-06,650.59,0.513979194,9.14516E-06,1.59032E-05,447,0.175311382,1.13278E-05,1.82451E-05,1292,0.593809524,9.13821E-06,1.82114E-05,373,0.239149453,4.69277E-06,7.59658E-06,322,0.224377576,9.36037E-07,2.5351E-06,57,0.063519701,6.34585E-06,1.1731E-05,620,0.277077778,3.22447E-06,5.04341E-06,206,0.144101695,2.13318E-06,4.20871E-06,203,0.159284091,8.63931E-06,1.81425E-05,272,0.152352941,2.00803E-06,4.09639E-06,400,0.431070858,1.19266E-05,1.65843E-05,83,0.044676211,7.0091E-06,1.32022E-05,572,0.425682635
5.4868E-06,1.37789E-05,3813,0.811228513,9.77863E-06,2.04811E-05,560,0.313519608,3.66915E-06,7.84826E-06,780,0.312251462,3.36628E-06,6.54555E-06,186.5,0.174421206,2.86653E-06,5.43446E-06,650.59,0.513979194,8.17742E-06,1.59194E-05,447,0.175311382,1.10492E-05,1.8338E-05,1292,0.593809524,8.52033E-06,1.8439E-05,373,0.239149453,4.30386E-06,7.59658E-06,322,0.224377576,7.02028E-07,2.76911E-06,57,0.063519701,6.03737E-06,1.17398E-05,620,0.277077778,3.16246E-06,5.06408E-06,206,0.144101695,2.07553E-06,4.20871E-06,203,0.159284091,8.42333E-06,1.81425E-05,272,0.152352941,1.78046E-06,4.10977E-06,400,0.431070858,1.15737E-05,1.6796E-05,83,0.044676211,6.37096E-06,1.32336E-05,572,0.425682635
4.99175E-06,1.37789E-05,3813,0.811228513,9.55203E-06,2.09691E-05,560,0.313519608,3.28358E-06,7.84826E-06,780,0.312251462,2.93882E-06,6.54555E-06,186.5,0.174421206,4.61829E-06,7.45496E-06,650.59,0.513979194,7.14516E-06,1.59355E-05,447,0.175311382,1.03528E-05,1.83844E-05,1292,0.593809524,8.13008E-06,1.86016E-05,373,0.239149453,3.70754E-06,7.59658E-06,322,0.224377576,5.0702E-07,2.96412E-06,57,0.063519701,5.62313E-06,1.17486E-05,620,0.277077778,3.03845E-06,5.08475E-06,206,0.144101695,1.93139E-06,4.20871E-06,203,0.159284091,7.4514E-06,1.81425E-05,272,0.152352941,1.59304E-06,4.12316E-06,400,0.431070858,1.03035E-05,1.69019E-05,83,0.044676211,5.35621E-06,1.32545E-05,572,0.425682635
4.33168E-06,1.38201E-05,3813,0.811228513,8.47133E-06,2.1004E-05,560,0.313519608,2.8607E-06,7.84826E-06,780,0.312251462,2.53807E-06,6.54555E-06,186.5,0.174421206,4.41923E-06,7.46491E-06,650.59,0.513979194,6.22581E-06,1.59516E-05,447,0.175311382,1.00743E-05,1.85237E-05,1292,0.593809524,7.77236E-06,1.86341E-05,373,0.239149453,3.3705E-06,7.59658E-06,322,0.224377576,5.0702E-07,2.96412E-06,57,0.063519701,5.34109E-06,1.18015E-05,620,0.277077778,2.95577E-06,5.14675E-06,206,0.144101695,1.55664E-06,4.20871E-06,203,0.159284091,6.47948E-06,1.81425E-05,272,0.152352941,1.33869E-06,4.13655E-06,400,0.431070858,9.28017E-06,1.69019E-05,83,0.044676211,4.40423E-06,1.32859E-05,572,0.425682635
3.42409E-06,1.38201E-05,3813,0.811228513,8.0007E-06,2.1004E-05,560,0.313519608,2.72388E-06,7.84826E-06,780,0.312251462,2.16404E-06,6.54555E-06,186.5,0.174421206,4.26993E-06,7.50473E-06,650.59,0.513979194,5.58065E-06,1.59516E-05,447,0.175311382,9.5636E-06,1.85237E-05,1292,0.593809524,7.60976E-06,1.86992E-05,373,0.239149453,3.16308E-06,7.59658E-06,322,0.224377576,4.29017E-07,3.04212E-06,57,0.063519701,5.12075E-06,1.1828E-05,620,0.277077778,2.91443E-06,5.14675E-06,206,0.144101695,1.21072E-06,4.20871E-06,203,0.159284091,6.15551E-06,1.81425E-05,272,0.152352941,1.15127E-06,4.16332E-06,400,0.431070858,8.68031E-06,1.69372E-05,83,0.044676211,4.01716E-06,1.32964E-05,572,0.425682635
2.92904E-06,1.38201E-05,3813,0.811228513,7.33833E-06,2.1004E-05,560,0.313519608,2.15174E-06,7.84826E-06,780,0.312251462,1.89687E-06,6.54555E-06,186.5,0.174421206,4.05096E-06,7.51468E-06,650.59,0.513979194,5.16129E-06,1.59516E-05,447,0.175311382,9.14578E-06,1.85237E-05,1292,0.593809524,7.18699E-06,1.87317E-05,373,0.239149453,2.82603E-06,7.59658E-06,322,0.224377576,3.51014E-07,3.12012E-06,57,0.063519701,4.87396E-06,1.18544E-05,620,0.277077778,2.83175E-06,5.18809E-06,206,0.144101695,1.21072E-06,4.20871E-06,203,0.159284091,5.07559E-06,1.81425E-05,272,0.152352941,9.50469E-07,4.16332E-06,400,0.431070858,8.50388E-06,1.69372E-05,83,0.044676211,3.23256E-06,1.32964E-05,572,0.425682635
2.68152E-06,1.38614E-05,3813,0.811228513,7.14659E-06,2.1004E-05,560,0.313519608,2.15174E-06,7.84826E-06,780,0.312251462,1.54956E-06,6.54555E-06,186.5,0.174421206,3.93152E-06,7.52463E-06,650.59,0.513979194,4.37097E-06,1.59516E-05,447,0.175311382,8.40297E-06,1.85701E-05,1292,0.593809524,6.43902E-06,1.87317E-05,373,0.239149453,2.43713E-06,7.6225E-06,322,0.224377576,3.51014E-07,3.12012E-06,57,0.063519701,4.56549E-06,1.1872E-05,620,0.277077778,2.39768E-06,5.20876E-06,206,0.144101695,1.15307E-06,4.20871E-06,203,0.159284091,4.21166E-06,1.81425E-05,272,0.152352941,7.63052E-07,4.16332E-06,400,0.431070858,7.93931E-06,1.69372E-05,83,0.044676211,2.61534E-06,1.32964E-05,572,0.425682635
2.5165E-06,1.38614E-05,3813,0.811228513,5.90901E-06,2.1004E-05,560,0.313519608,1.87811E-06,7.84826E-06,780,0.312251462,1.38926E-06,6.54555E-06,186.5,0.174421206,3.71255E-06,7.52463E-06,650.59,0.513979194,3.85484E-06,1.59516E-05,447,0.175311382,7.47447E-06,1.85701E-05,1292,0.593809524,6.04878E-06,1.87317E-05,373,0.239149453,1.94452E-06,7.6225E-06,322,0.224377576,3.12012E-07,3.15913E-06,57,0.063519701,4.30989E-06,1.1872E-05,620,0.277077778,2.12898E-06,5.20876E-06,206,0.144101695,1.15307E-06,4.20871E-06,203,0.159284091,3.67171E-06,1.81425E-05,272,0.152352941,6.0241E-07,4.17671E-06,400,0.431070858,7.72759E-06,1.69372E-05,83,0.044676211,2.29103E-06,1.32964E-05,572,0.425682635
2.39274E-06,1.39026E-05,3813,0.811228513,5.49067E-06,2.1004E-05,560,0.313519608,1.70398E-06,7.84826E-06,780,0.312251462,1.30911E-06,6.54555E-06,186.5,0.174421206,3.61302E-06,7.52463E-06,650.59,0.513979194,3.08065E-06,1.59516E-05,447,0.175311382,7.28877E-06,1.90344E-05,1292,0.593809524,5.49593E-06,1.87317E-05,373,0.239149453,1.7371E-06,7.67436E-06,322,0.224377576,3.12012E-07,3.15913E-06,57,0.063519701,3.96616E-06,1.1872E-05,620,0.277077778,1.8396E-06,5.20876E-06,206,0.144101695,9.22456E-07,4.20871E-06,203,0.159284091,3.45572E-06,1.81425E-05,272,0.152352941,4.95315E-07,4.24364E-06,400,0.431070858,6.95131E-06,1.69372E-05,83,0.044676211,1.92489E-06,1.33068E-05,572,0.425682635
2.26898E-06,1.39026E-05,3813,0.811228513,4.39254E-06,2.1004E-05,560,0.313519608,1.44279E-06,7.84826E-06,780,0.312251462,1.20224E-06,6.54555E-06,186.5,0.174421206,3.43386E-06,7.52463E-06,650.59,0.513979194,2.62903E-06,1.59677E-05,447,0.175311382,6.77809E-06,1.90344E-05,1292,0.593809524,4.81301E-06,1.87317E-05,373,0.239149453,1.55561E-06,7.67436E-06,322,0.224377576,2.73011E-07,3.19813E-06,57,0.063519701,3.57835E-06,1.18808E-05,620,0.277077778,1.69492E-06,5.20876E-06,206,0.144101695,9.22456E-07,4.20871E-06,203,0.159284091,3.23974E-06,1.81425E-05,272,0.152352941,4.68541E-07,4.25703E-06,400,0.431070858,6.49259E-06,1.69372E-05,83,0.044676211,1.46459E-06,1.33068E-05,572,0.425682635
1.93894E-06,1.39026E-05,3813,0.811228513,3.27697E-06,2.1004E-05,560,0.313519608,1.34328E-06,7.84826E-06,780,0.312251462,9.88512E-07,6.54555E-06,186.5,0.174421206,3.27461E-06,7.52463E-06,650.59,0.513979194,1.87097E-06,1.59677E-05,447,0.175311382,6.12813E-06,1.90808E-05,1292,0.593809524,4.29268E-06,1.87317E-05,373,0.239149453,1.3482E-06,7.67436E-06,322,0.224377576,2.73011E-07,3.19813E-06,57,0.063519701,3.16411E-06,1.18897E-05,620,0.277077778,1.52956E-06,5.20876E-06,206,0.144101695,9.22456E-07,4.20871E-06,203,0.159284091,1.61987E-06,1.81425E-05,272,0.152352941,4.01606E-07,4.25703E-06,400,0.431070858,5.85745E-06,1.69372E-05,83,0.044676211,8.47369E-07,1.33068E-05,572,0.425682635
1.81518E-06,1.39026E-05,3813,0.811228513,2.75405E-06,2.1004E-05,560,0.313519608,1.18159E-06,7.84826E-06,780,0.312251462,9.61795E-07,6.54555E-06,186.5,0.174421206,3.07554E-06,7.54454E-06,650.59,0.513979194,1.79032E-06,1.59677E-05,447,0.175311382,5.98886E-06,1.91736E-05,1292,0.593809524,3.90244E-06,1.87317E-05,373,0.239149453,1.24449E-06,7.67436E-06,322,0.224377576,1.95008E-07,3.27613E-06,57,0.063519701,2.87326E-06,1.18897E-05,620,0.277077778,1.42621E-06,5.20876E-06,206,0.144101695,9.22456E-07,4.20871E-06,203,0.159284091,1.51188E-06,1.81425E-05,272,0.152352941,2.40964E-07,4.25703E-06,400,0.431070858,4.41073E-06,1.69372E-05,83,0.044676211,5.4399E-07,1.33068E-05,572,0.425682635
1.73267E-06,1.39026E-05,3813,0.811228513,2.56231E-06,2.1004E-05,560,0.313519608,1.15672E-06,7.84826E-06,780,0.312251462,7.48063E-07,6.54555E-06,186.5,0.174421206,2.90634E-06,7.54454E-06,650.59,0.513979194,1.08065E-06,1.59677E-05,447,0.175311382,5.75673E-06,1.92201E-05,1292,0.593809524,3.28455E-06,1.87317E-05,373,0.239149453,1.03708E-06,7.67436E-06,322,0.224377576,1.56006E-07,3.31513E-06,57,0.063519701,2.50308E-06,1.18985E-05,620,0.277077778,1.19884E-06,5.20876E-06,206,0.144101695,8.64803E-07,4.20871E-06,203,0.159284091,1.2959E-06,1.81425E-05,272,0.152352941,2.1419E-07,4.25703E-06,400,0.431070858,3.91673E-06,1.69372E-05,83,0.044676211,4.70761E-07,1.33068E-05,572,0.425682635
1.69142E-06,1.39439E-05,3813,0.811228513,2.03939E-06,2.11435E-05,560,0.313519608,9.32836E-07,7.84826E-06,780,0.312251462,7.48063E-07,6.54555E-06,186.5,0.174421206,2.39873E-06,7.54454E-06,650.59,0.513979194,7.74194E-07,1.59677E-05,447,0.175311382,5.47818E-06,1.92201E-05,1292,0.593809524,2.60163E-06,1.87317E-05,373,0.239149453,9.07441E-07,7.67436E-06,322,0.224377576,1.17005E-07,3.35413E-06,57,0.063519701,2.13291E-06,1.18985E-05,620,0.277077778,9.92146E-07,5.20876E-06,206,0.144101695,8.64803E-07,4.20871E-06,203,0.159284091,8.63931E-07,1.81425E-05,272,0.152352941,1.60643E-07,4.25703E-06,400,0.431070858,3.56387E-06,1.69372E-05,83,0.044676211,1.98766E-07,1.33068E-05,572,0.425682635
1.5264E-06,1.39439E-05,3813,0.811228513,1.49904E-06,2.11435E-05,560,0.313519608,7.71144E-07,7.84826E-06,780,0.312251462,5.61047E-07,6.54555E-06,186.5,0.174421206,2.34896E-06,7.54454E-06,650.59,0.513979194,4.51613E-07,1.59677E-05,447,0.175311382,5.24605E-06,1.94058E-05,1292,0.593809524,2.21138E-06,1.87317E-05,373,0.239149453,6.48172E-07,7.67436E-06,322,0.224377576,7.80031E-08,3.39314E-06,57,0.063519701,1.85087E-06,1.18985E-05,620,0.277077778,8.26788E-07,5.20876E-06,206,0.144101695,8.64803E-07,4.20871E-06,203,0.159284091,5.39957E-07,1.81425E-05,272,0.152352941,1.47256E-07,4.25703E-06,400,0.431070858,3.31687E-06,1.69372E-05,83,0.044676211,1.67382E-07,1.33068E-05,572,0.425682635
1.36139E-06,1.39851E-05,3813,0.811228513,1.39446E-06,2.11783E-05,560,0.313519608,6.34328E-07,7.84826E-06,780,0.312251462,5.34331E-07,6.54555E-06,186.5,0.174421206,1.73186E-06,7.54454E-06,650.59,0.513979194,2.25806E-07,1.59677E-05,447,0.175311382,5.24605E-06,1.94058E-05,1292,0.593809524,1.88618E-06,1.87317E-05,373,0.239149453,4.66684E-07,7.67436E-06,322,0.224377576,5.0702E-07,3.39314E-06,57,0.063519701,1.43663E-06,1.19073E-05,620,0.277077778,7.44109E-07,5.20876E-06,206,0.144101695,8.64803E-07,4.20871E-06,203,0.159284091,4.31965E-07,1.81425E-05,272,0.152352941,1.07095E-07,4.25703E-06,400,0.431070858,3.14044E-06,1.69725E-05,83,0.044676211,1.15075E-07,1.33068E-05,572,0.425682635
1.36139E-06,1.41089E-05,3813,0.811228513,1.04584E-06,2.11783E-05,560,0.313519608,5.34826E-07,7.84826E-06,780,0.312251462,4.80898E-07,6.54555E-06,186.5,0.174421206,1.33373E-06,7.54454E-06,650.59,0.513979194,8.06452E-08,1.59677E-05,447,0.175311382,5.3389E-06,1.95915E-05,1292,0.593809524,1.85366E-06,1.87317E-05,373,0.239149453,2.85196E-07,7.67436E-06,322,0.224377576,1.17005E-06,3.39314E-06,57,0.063519701,1.13696E-06,1.19161E-05,620,0.277077778,6.821E-07,5.20876E-06,206,0.144101695,8.64803E-07,4.20871E-06,203,0.159284091,4.31965E-07,1.81425E-05,272,0.152352941,9.37082E-08,4.25703E-06,400,0.431070858,2.54058E-06,1.69725E-05,83,0.044676211,6.27681E-08,1.33068E-05,572,0.425682635
1.07261E-06,1.41089E-05,3813,0.811228513,8.54105E-07,2.11783E-05,560,0.313519608,3.60697E-07,7.84826E-06,780,0.312251462,4.80898E-07,6.54555E-06,186.5,0.174421206,1.24415E-06,7.54454E-06,650.59,0.513979194,8.06452E-08,1.59677E-05,447,0.175311382,5.3389E-06,1.97772E-05,1292,0.593809524,1.43089E-06,1.87317E-05,373,0.239149453,0,7.67436E-06,322,0.224377576,1.20905E-06,3.39314E-06,57,0.063519701,9.51877E-07,1.19161E-05,620,0.277077778,6.6143E-07,5.20876E-06,206,0.144101695,8.35976E-07,4.20871E-06,203,0.159284091,4.31965E-07,1.81425E-05,272,0.152352941,6.69344E-08,4.25703E-06,400,0.431070858,2.29358E-06,1.69725E-05,83,0.044676211,6.27681E-08,1.33068E-05,572,0.425682635
1.03135E-06,1.41089E-05,3813,0.811228513,7.14659E-07,2.11783E-05,560,0.313519608,2.48756E-07,7.84826E-06,780,0.312251462,4.54181E-07,6.54555E-06,186.5,0.174421206,1.09485E-06,7.54454E-06,650.59,0.513979194,0,1.59677E-05,447,0.175311382,5.19963E-06,1.987E-05,1292,0.593809524,1.39837E-06,1.87317E-05,373,0.239149453,0,7.67436E-06,322,0.224377576,1.36505E-06,3.39314E-06,57,0.063519701,7.84417E-07,1.19161E-05,620,0.277077778,5.58082E-07,5.20876E-06,206,0.144101695,7.78322E-07,4.20871E-06,203,0.159284091,3.23974E-07,1.81425E-05,272,0.152352941,6.69344E-08,4.25703E-06,400,0.431070858,1.97601E-06,1.69725E-05,83,0.044676211,3.1384E-08,1.33068E-05,572,0.425682635
9.90099E-07,1.41089E-05,3813,0.811228513,4.53199E-07,2.11783E-05,560,0.313519608,1.24378E-07,7.84826E-06,780,0.312251462,4.54181E-07,6.54555E-06,186.5,0.174421206,5.17567E-07,7.54454E-06,650.59,0.513979194,0,1.59677E-05,447,0.175311382,4.87465E-06,1.987E-05,1292,0.593809524,9.10569E-07,1.87317E-05,373,0.239149453,0,7.67436E-06,322,0.224377576,1.32605E-06,3.43214E-06,57,0.063519701,7.40349E-07,1.19161E-05,620,0.277077778,4.13394E-07,5.20876E-06,206,0.144101695,6.05362E-07,4.20871E-06,203,0.159284091,3.23974E-07,1.81425E-05,272,0.152352941,6.69344E-08,4.25703E-06,400,0.431070858,1.34086E-06,1.69725E-05,83,0.044676211,3.1384E-08,1.33068E-05,572,0.425682635
