Active,Total,Day,Pop,Med,Active,Total,Day,Pop,Med,Active,Total,Day,Pop,Med,Active,Total,Day,Pop,Med,Active,Total,Day,Pop,Med,Active,Total,Day,Pop,Med,Active,Total,Day,Pop,Med,Active,Total,Day,Pop,Med,Active,Total,Day,Pop,Med,Active,Total,Day,Pop,Med,Active,Total,Day,Pop,Med,Active,Total,Day,Pop,Med,Active,Total,Day,Pop,Med,Active,Total,Day,Pop,Med,Active,Total,Day,Pop,Med,Active,Total,Day,Pop,Med,Active,Total,Day,Pop,Med,Active,Total,Day,Pop,Med,Active,Total,Day,Pop,Med,Active,Total,Day,Pop,Med,Active,Total,Day,Pop,Med,Active,Total,Day,Pop,Med,Active,Total,Day,Pop,Med,Active,Total,Day,Pop,Med,Active,Total,Day,Pop,Med,Active,Total,Day,Pop,Med,Active,Total,Day,Pop,Med,Active,Total,Day,Pop,Med,Active,Total,Day,Pop,Med,Active,Total,Day,Pop,Med,Active,Total,Day,Pop,Med,Active,Total,Day,Pop,Med,Active,Total,Day,Pop,Med,Active,Total,Day,Pop,Med,Active,Total,Day,Pop,Med,Active,Total,Day,Pop,Med,Active,Total,Day,Pop,Med,Active,Total,Day,Pop,Med,Active,Total,Day,Pop,Med,Active,Total,Day,Pop,Med,Active,Total,Day,Pop,Med,Active,Total,Day,Pop,Med,Active,Total,Day,Pop,Med,Active,Total,Day,Pop,Med,Active,Total,Day,Pop,Med,Active,Total,Day,Pop,Med,Active,Total,Day,Pop,Med,Active,Total,Day,Pop,Med,Active,Total,Day,Pop,Med,Active,Total,Day,Pop,Med,Active,Total,Day,Pop,Med,Active,Total,Day,Pop,Med,Active,Total,Day,Pop,Med,Active,Total,Day,Pop,Med
2.41935E-06,2.45161E-06,1,1157.73,51.9,3.99257E-06,4.2247E-06,1,3346.28,57.4,4.78049E-06,4.78049E-06,1,966.07,71,2.126E-06,2.126E-06,1,833.98,48.8,9.36037E-07,9.36037E-07,1,147.63,61.7,2.08003E-06,2.1241E-06,1,1605.8,45.6,1.1575E-06,1.19884E-06,1,533.54,52,2.30614E-07,2.59441E-07,1,525.77,68.2,4.53564E-06,4.64363E-06,1,704.48,48,6.29E-07,6.4257E-07,1,1036,55.8,9.38967E-07,9.6505E-07,1,214.97,66.3,2.12365E-06,2.15504E-06,1,1481.48,63.4,5.72479E-05,6.07521E-05,1,798.4,66.5,3.28039E-06,3.28039E-06,1,830.8966667,69.9,1.21891E-06,1.23134E-06,1,2020.2,61.1,2.34513E-06,2.4115E-06,1,674.9,53.7,3.27392E-07,3.27392E-07,1,380.989,61.8,8.20046E-07,8.20046E-07,1,752.913,72.1,1.22896E-06,1.22896E-06,1,483.035,65.7,1.19439E-06,1.20434E-06,1,1685.0281,60.6,3.09406E-06,3.30033E-06,1,9875.67,57.4,7.39726E-07,7.39726E-07,1,598.549,56,1.33169E-06,1.33169E-06,1,433.0876856,71.8,3.39127E-07,3.39127E-07,1,1680,71.01356507,1.60051E-06,1.60051E-06,1,3400,43.7,5.88502E-07,5.88502E-07,1,38.1507,71.9,9.50119E-07,9.50119E-07,1,278.166,60.3,5.1072E-06,5.15949E-06,1,1450.4,57.9,7.87402E-08,7.87402E-08,1,1302,103,5.97104E-08,5.97104E-08,1,309,69,2.02922E-07,2.02922E-07,1,8.4175,38,2.21379E-07,2.21379E-07,1,255,18,4.81116E-09,4.81116E-09,1,72.002,24,4.82334E-08,4.82334E-08,1,623,82,3.00797E-08,3.00797E-08,1,709.66,30,3.28947E-08,3.28947E-08,1,485.107,36,8.77193E-08,8.77193E-08,1,14200,66,2.15424E-08,2.15424E-08,1,242.2427,32,1.02041E-07,1.02041E-07,1,51.8,28,1.81159E-07,1.81159E-07,1,47.0344,62,3.66748E-08,6.11247E-08,1,132,17,2.22647E-07,2.22647E-07,1,277.6739,77,1.16686E-07,1.16686E-07,1,558.1968,52,1.92308E-07,1.92308E-07,1,37.6845,33,2.35294E-07,2.35294E-07,1,1059.31,47,5.17241E-07,5.17241E-07,1,357.6013,35,2.15517E-07,2.15517E-07,1,147,49,1.95883E-07,1.95883E-07,1,290.598,33,1.34953E-07,4.04858E-07,1,101.2,17,5.05817E-08,5.05817E-08,1,251.3,18,1.45773E-07,1.45773E-07,1,871,23,3.53357E-08,3.53357E-08,1,109.9,23,9.22935E-08,9.22935E-08,1,378,26,1.17096E-07,1.17096E-07,1,421,27
2.41935E-06,2.45161E-06,2,1157.73,51.9,4.50325E-06,4.73538E-06,2,3346.28,57.4,4.74797E-06,4.78049E-06,2,966.07,71,2.17786E-06,2.17786E-06,2,833.98,48.8,9.36037E-07,9.36037E-07,2,147.63,61.7,2.07121E-06,2.1241E-06,2,1605.8,45.6,1.1575E-06,1.19884E-06,2,533.54,52,2.30614E-07,2.59441E-07,2,525.77,68.2,4.53564E-06,4.64363E-06,2,704.48,48,6.29183E-07,6.4257E-07,2,1036,55.8,9.6505E-07,9.91132E-07,2,214.97,66.3,2.12365E-06,2.15504E-06,2,1481.48,63.4,5.72479E-05,6.07521E-05,2,798.4,66.5,3.28039E-06,3.28039E-06,2,830.8966667,69.9,1.21891E-06,1.23134E-06,2,2020.2,61.1,2.34513E-06,2.4115E-06,2,674.9,53.7,3.27392E-07,3.27392E-07,2,380.989,61.8,8.65604E-07,8.65604E-07,2,752.913,72.1,1.49613E-06,1.49613E-06,2,483.035,65.7,1.28397E-06,1.29392E-06,2,1685.0281,60.6,3.71287E-06,3.9604E-06,2,9875.67,57.4,7.39726E-07,7.39726E-07,2,598.549,56,1.31936E-06,1.33169E-06,2,433.0876856,71.8,3.39127E-07,3.39127E-07,2,1680,71.01356507,1.72855E-06,1.72855E-06,2,3400,43.7,5.88502E-07,5.88502E-07,2,38.1507,71.9,1.10127E-06,1.10127E-06,2,278.166,61.3,5.1072E-06,5.15949E-06,2,1450.4,57.9,7.87402E-08,7.87402E-08,2,1302,103,5.97104E-08,5.97104E-08,2,309,69,2.02922E-07,2.02922E-07,2,8.4175,38,2.21379E-07,2.21379E-07,2,255,18,4.81116E-09,4.81116E-09,2,72.002,24,4.82334E-08,4.82334E-08,2,623,82,3.00797E-08,3.00797E-08,2,709.66,30,3.28947E-08,3.28947E-08,2,485.107,36,8.77193E-08,1.75439E-07,2,14200,66,2.15424E-08,2.15424E-08,2,242.2427,32,1.02041E-07,1.02041E-07,2,51.8,28,1.81159E-07,3.62319E-07,2,47.0344,62,2.81174E-07,3.42298E-07,2,132,17,2.22647E-07,2.22647E-07,2,277.6739,77,1.16686E-07,1.16686E-07,2,558.1968,52,1.34615E-06,1.34615E-06,2,37.6845,33,5.88235E-07,5.88235E-07,2,1059.31,47,5.17241E-07,5.17241E-07,2,357.6013,35,2.15517E-07,2.15517E-07,2,147,49,1.95883E-07,1.95883E-07,2,290.598,33,1.34953E-07,4.04858E-07,2,101.2,17,5.05817E-08,5.05817E-08,2,251.3,18,1.45773E-07,1.45773E-07,2,871,23,3.53357E-08,3.53357E-08,2,109.9,23,9.22935E-08,9.22935E-08,2,378,26,2.34192E-07,2.34192E-07,2,421,27
3.17742E-06,3.22581E-06,3,1157.73,51.9,5.01393E-06,5.29248E-06,3,3346.28,57.4,5.33333E-06,5.36585E-06,3,966.07,71,2.61862E-06,2.61862E-06,3,833.98,48.8,1.01404E-06,1.01404E-06,3,147.63,61.7,2.67936E-06,2.74105E-06,3,1605.8,45.6,1.5709E-06,1.61224E-06,3,533.54,52,3.17094E-07,3.45921E-07,3,525.77,68.2,4.75162E-06,4.9676E-06,3,704.48,48,8.5676E-07,8.70147E-07,3,1036,55.8,1.09546E-06,1.12154E-06,3,214.97,66.3,2.86641E-06,2.90825E-06,3,1481.48,63.4,7.40855E-05,7.83932E-05,3,798.4,66.5,4.08194E-06,4.11162E-06,3,830.8966667,69.9,1.59204E-06,1.60448E-06,3,2020.2,61.1,3.49558E-06,3.58407E-06,3,674.9,53.7,4.72899E-07,5.09276E-07,3,380.989,61.8,9.11162E-07,9.33941E-07,3,752.913,72.1,1.68314E-06,1.68314E-06,3,483.035,65.7,1.56266E-06,1.57261E-06,3,1685.0281,60.6,4.37294E-06,4.62046E-06,3,9875.67,57.4,9.31507E-07,9.58904E-07,3,598.549,56,1.72626E-06,1.75092E-06,3,433.0876856,71.8,3.39127E-07,3.39127E-07,3,1680,71.01356507,1.85659E-06,1.85659E-06,3,3400,43.7,6.33771E-07,6.33771E-07,3,38.1507,71.9,1.51155E-06,1.51155E-06,3,278.166,62.3,7.39062E-06,7.46035E-06,3,1450.4,57.9,7.87402E-08,7.87402E-08,3,1302,103,7.4638E-08,7.4638E-08,3,309,69,2.02922E-07,2.84091E-07,3,8.4175,38,2.53004E-07,2.53004E-07,3,255,18,4.81116E-09,4.81116E-09,3,72.002,24,4.82334E-08,4.82334E-08,3,623,82,3.00797E-08,3.00797E-08,3,709.66,30,3.28947E-08,3.28947E-08,3,485.107,36,8.77193E-08,1.75439E-07,3,14200,66,2.15424E-08,2.15424E-08,3,242.2427,32,1.02041E-07,1.02041E-07,3,51.8,28,1.81159E-07,3.62319E-07,3,47.0344,62,2.68949E-07,3.42298E-07,3,132,17,3.3397E-07,3.3397E-07,3,277.6739,77,1.05018E-06,1.05018E-06,3,558.1968,52,3.26923E-06,3.26923E-06,3,37.6845,33,5.88235E-07,5.88235E-07,3,1059.31,47,5.17241E-07,5.17241E-07,3,357.6013,35,4.31034E-07,4.31034E-07,3,147,49,5.87649E-07,5.87649E-07,3,290.598,33,6.74764E-07,1.07962E-06,3,101.2,17,1.26454E-07,1.26454E-07,3,251.3,18,1.45773E-07,1.45773E-07,3,871,23,3.53357E-08,3.53357E-08,3,109.9,23,9.22935E-08,9.22935E-08,3,378,26,2.34192E-07,2.34192E-07,3,421,27
4.72581E-06,4.79032E-06,4,1157.73,51.9,6.96379E-06,7.24234E-06,4,3346.28,57.4,7.6748E-06,7.73984E-06,4,966.07,71,3.73347E-06,3.73347E-06,4,833.98,48.8,1.36505E-06,1.36505E-06,4,147.63,61.7,4.45972E-06,4.58311E-06,4,1605.8,45.6,2.02563E-06,2.06697E-06,4,533.54,52,8.07149E-07,8.35976E-07,4,525.77,68.2,5.93952E-06,6.15551E-06,4,704.48,48,1.27175E-06,1.28514E-06,4,1036,55.8,2.03443E-06,2.08659E-06,4,214.97,66.3,4.36238E-06,4.41469E-06,4,1481.48,63.4,0.000115179,0.000122274,4,798.4,66.5,5.72955E-06,5.77408E-06,4,830.8966667,69.9,2.45025E-06,2.51244E-06,4,2020.2,61.1,6.12832E-06,6.32743E-06,4,674.9,53.7,5.8203E-07,6.18407E-07,4,380.989,61.8,1.34396E-06,1.36674E-06,4,752.913,72.1,2.69837E-06,2.69837E-06,4,483.035,65.7,1.98069E-06,2.01055E-06,4,1685.0281,60.6,5.85809E-06,6.31188E-06,4,9875.67,57.4,1.26027E-06,1.28767E-06,4,598.549,56,2.50308E-06,2.5524E-06,4,433.0876856,71.8,4.23908E-07,4.23908E-07,4,1680,71.01356507,2.36876E-06,2.36876E-06,4,3400,43.7,8.14848E-07,8.14848E-07,4,38.1507,71.9,1.92183E-06,1.96502E-06,4,278.166,63.3,1.01098E-05,1.0441E-05,4,1450.4,57.9,2.16535E-07,2.16535E-07,4,1302,103,8.95656E-08,8.95656E-08,4,309,69,3.24675E-07,4.05844E-07,4,8.4175,38,2.53004E-07,2.53004E-07,4,255,18,4.81116E-09,4.81116E-09,4,72.002,24,8.44085E-08,8.44085E-08,4,623,82,3.00797E-08,3.00797E-08,4,709.66,30,3.28947E-08,3.28947E-08,4,485.107,36,6.14035E-07,7.01754E-07,4,14200,66,2.15424E-08,2.15424E-08,4,242.2427,32,1.02041E-07,1.02041E-07,4,51.8,28,3.62319E-07,5.43478E-07,4,47.0344,62,3.42298E-07,7.45721E-07,4,132,17,5.56616E-07,5.56616E-07,4,277.6739,77,1.75029E-06,1.75029E-06,4,558.1968,52,3.65385E-06,3.65385E-06,4,37.6845,33,1.05882E-06,1.05882E-06,4,1059.31,47,1.03448E-06,1.03448E-06,4,357.6013,35,1.2931E-06,1.2931E-06,4,147,49,8.81474E-07,8.81474E-07,4,290.598,33,1.34953E-06,2.2942E-06,4,101.2,17,1.26454E-07,1.26454E-07,4,251.3,18,1.45773E-07,1.45773E-07,4,871,23,3.53357E-08,3.53357E-08,4,109.9,23,9.22935E-08,9.22935E-08,4,378,26,2.57611E-06,2.57611E-06,4,421,27
4.70968E-06,4.79032E-06,5,1157.73,51.9,6.96379E-06,7.24234E-06,5,3346.28,57.4,7.90244E-06,8.03252E-06,5,966.07,71,3.73347E-06,3.73347E-06,5,833.98,48.8,1.36505E-06,1.36505E-06,5,147.63,61.7,4.45972E-06,4.58311E-06,5,1605.8,45.6,2.02563E-06,2.06697E-06,5,533.54,52,8.07149E-07,8.35976E-07,5,525.77,68.2,5.93952E-06,6.15551E-06,5,704.48,48,1.27175E-06,1.28514E-06,5,1036,55.8,2.03443E-06,2.08659E-06,5,214.97,66.3,4.36238E-06,4.41469E-06,5,1481.48,63.4,0.000115162,0.000122274,5,798.4,66.5,5.72955E-06,5.77408E-06,5,830.8966667,69.9,2.43781E-06,2.51244E-06,5,2020.2,61.1,6.12832E-06,6.32743E-06,5,674.9,53.7,5.8203E-07,6.18407E-07,5,380.989,61.8,1.4123E-06,1.43508E-06,5,752.913,72.1,2.69837E-06,2.69837E-06,5,483.035,65.7,2.0205E-06,2.05036E-06,5,1685.0281,60.6,6.51815E-06,6.97195E-06,5,9875.67,57.4,1.26027E-06,1.28767E-06,5,598.549,56,2.50308E-06,2.5524E-06,5,433.0876856,71.8,4.23908E-07,4.23908E-07,5,1680,71.01356507,2.36876E-06,2.36876E-06,5,3400,43.7,8.14848E-07,8.14848E-07,5,38.1507,71.9,1.87864E-06,1.96502E-06,5,278.166,64.3,1.0075E-05,1.0441E-05,5,1450.4,57.9,2.16535E-07,2.16535E-07,5,1302,103,8.95656E-08,8.95656E-08,5,309,69,3.24675E-07,4.05844E-07,5,8.4175,38,2.53004E-07,2.53004E-07,5,255,18,4.81116E-09,4.81116E-09,5,72.002,24,8.44085E-08,8.44085E-08,5,623,82,4.51196E-08,4.51196E-08,5,709.66,30,3.28947E-08,3.28947E-08,5,485.107,36,1.05263E-06,1.14035E-06,5,14200,66,2.15424E-08,2.15424E-08,5,242.2427,32,1.02041E-07,1.02041E-07,5,51.8,28,3.62319E-07,5.43478E-07,5,47.0344,62,3.17848E-07,7.45721E-07,5,132,17,1.11323E-06,1.11323E-06,5,277.6739,77,2.80047E-06,2.80047E-06,5,558.1968,52,5.38462E-06,5.38462E-06,5,37.6845,33,1.41176E-06,1.41176E-06,5,1059.31,47,1.72414E-06,1.72414E-06,5,357.6013,35,2.80172E-06,2.80172E-06,5,147,49,8.81474E-07,8.81474E-07,5,290.598,33,2.15924E-06,3.23887E-06,5,101.2,17,1.26454E-07,1.26454E-07,5,251.3,18,1.45773E-07,1.45773E-07,5,871,23,3.53357E-08,3.53357E-08,5,109.9,23,1.84587E-07,1.84587E-07,5,378,26,4.09836E-06,4.09836E-06,5,421,27
5.3871E-06,5.48387E-06,6,1157.73,51.9,8.03157E-06,8.49582E-06,6,3346.28,57.4,8.68293E-06,8.94309E-06,6,966.07,71,4.12237E-06,4.12237E-06,6,833.98,48.8,1.56006E-06,1.56006E-06,6,147.63,61.7,5.20007E-06,5.32346E-06,6,1605.8,45.6,2.253E-06,2.29434E-06,6,533.54,52,1.03776E-06,1.09542E-06,6,525.77,68.2,6.47948E-06,6.80346E-06,6,704.48,48,1.33869E-06,1.39224E-06,6,1036,55.8,2.3735E-06,2.47783E-06,6,214.97,66.3,5.06329E-06,5.15744E-06,6,1481.48,63.4,0.000146291,0.000155111,6,798.4,66.5,6.69437E-06,6.8725E-06,6,830.8966667,69.9,2.84826E-06,2.93532E-06,6,2020.2,61.1,7.10177E-06,7.36726E-06,6,674.9,53.7,8.00291E-07,8.36668E-07,6,380.989,61.8,1.54897E-06,1.57175E-06,6,752.913,72.1,3.09912E-06,3.09912E-06,6,483.035,65.7,2.22952E-06,2.28924E-06,6,1685.0281,60.6,7.05446E-06,7.50825E-06,6,9875.67,57.4,1.47945E-06,1.53425E-06,6,598.549,56,2.78668E-06,2.84834E-06,6,433.0876856,71.8,4.23908E-07,4.23908E-07,6,1680,71.01356507,3.07298E-06,3.07298E-06,6,3400,43.7,9.50656E-07,9.50656E-07,6,38.1507,71.9,2.07299E-06,2.13777E-06,6,278.166,65.3,1.11208E-05,1.15217E-05,6,1450.4,57.9,2.95276E-07,2.95276E-07,6,1302,103,8.95656E-08,8.95656E-08,6,309,69,4.05844E-07,4.87013E-07,6,8.4175,38,2.53004E-07,2.53004E-07,6,255,18,9.62232E-09,9.62232E-09,6,72.002,24,9.64669E-08,9.64669E-08,6,623,82,4.51196E-08,4.51196E-08,6,709.66,30,3.28947E-08,3.28947E-08,6,485.107,36,1.92982E-06,2.01754E-06,6,14200,66,2.15424E-08,2.15424E-08,6,242.2427,32,1.02041E-07,1.02041E-07,6,51.8,28,9.05797E-07,1.08696E-06,6,47.0344,62,1.21027E-06,1.69927E-06,6,132,17,1.55853E-06,1.55853E-06,6,277.6739,77,3.15053E-06,3.15053E-06,6,558.1968,52,6.34615E-06,6.34615E-06,6,37.6845,33,2.23529E-06,2.23529E-06,6,1059.31,47,2.58621E-06,2.58621E-06,6,357.6013,35,3.87931E-06,3.87931E-06,6,147,49,1.76295E-06,1.76295E-06,6,290.598,33,2.15924E-06,3.23887E-06,6,101.2,17,1.26454E-07,1.26454E-07,6,251.3,18,1.45773E-07,1.45773E-07,6,871,23,3.53357E-08,3.53357E-08,6,109.9,23,1.84587E-07,1.84587E-07,6,378,26,1.04215E-05,1.04215E-05,6,421,27
6.41935E-06,6.58065E-06,7,1157.73,51.9,8.40297E-06,8.86722E-06,7,3346.28,57.4,9.43089E-06,9.7561E-06,7,966.07,71,4.61499E-06,4.64091E-06,7,833.98,48.8,1.87207E-06,1.98908E-06,7,147.63,61.7,5.88754E-06,6.01974E-06,7,1605.8,45.6,2.56304E-06,2.62505E-06,7,533.54,52,1.26838E-06,1.32603E-06,7,525.77,68.2,7.01944E-06,7.5594E-06,7,704.48,48,1.45917E-06,1.51272E-06,7,1036,55.8,3.02556E-06,3.15597E-06,7,214.97,66.3,5.74328E-06,5.92112E-06,7,1481.48,63.4,0.000180017,0.00019106,7,798.4,66.5,7.48107E-06,7.73341E-06,7,830.8966667,69.9,3.27114E-06,3.37065E-06,7,2020.2,61.1,8.25221E-06,8.65044E-06,7,674.9,53.7,1.09131E-06,1.12768E-06,7,380.989,61.8,1.64009E-06,1.66287E-06,7,752.913,72.1,3.41972E-06,3.41972E-06,7,483.035,65.7,2.49826E-06,2.57788E-06,7,1685.0281,60.6,7.92079E-06,8.37459E-06,7,9875.67,57.4,1.75342E-06,1.80822E-06,7,598.549,56,2.95931E-06,3.13194E-06,7,433.0876856,71.8,4.23908E-07,4.23908E-07,7,1680,71.01356507,3.52113E-06,3.58515E-06,7,3400,43.7,1.08646E-06,1.08646E-06,7,38.1507,71.9,2.3537E-06,2.46167E-06,7,278.166,66.3,1.19923E-05,1.26198E-05,7,1450.4,57.9,2.95276E-07,2.95276E-07,7,1302,103,8.95656E-08,8.95656E-08,7,309,69,4.05844E-07,4.87013E-07,7,8.4175,38,2.53004E-07,2.53004E-07,7,255,18,9.62232E-09,9.62232E-09,7,72.002,24,1.20584E-07,1.20584E-07,7,623,82,4.51196E-08,4.51196E-08,7,709.66,30,4.93421E-08,4.93421E-08,7,485.107,36,4.29825E-06,4.38596E-06,7,14200,66,2.15424E-08,2.15424E-08,7,242.2427,32,1.02041E-07,1.02041E-07,7,51.8,28,1.08696E-06,1.26812E-06,7,47.0344,62,8.55746E-07,1.72372E-06,7,132,17,1.78117E-06,1.78117E-06,7,277.6739,77,4.43407E-06,4.43407E-06,7,558.1968,52,1.09615E-05,1.09615E-05,7,37.6845,33,4.82353E-06,4.82353E-06,7,1059.31,47,3.44828E-06,3.44828E-06,7,357.6013,35,4.09483E-06,4.09483E-06,7,147,49,2.93825E-06,2.93825E-06,7,290.598,33,8.36707E-06,9.9865E-06,7,101.2,17,1.51745E-07,1.51745E-07,7,251.3,18,1.45773E-07,1.45773E-07,7,871,23,3.53357E-08,3.53357E-08,7,109.9,23,3.69174E-07,4.61467E-07,7,378,26,1.24122E-05,1.24122E-05,7,421,27
7.41935E-06,7.74194E-06,8,1157.73,51.9,9.47075E-06,1.0585E-05,8,3346.28,57.4,1.06667E-05,1.1187E-05,8,966.07,71,4.84833E-06,5.02982E-06,8,833.98,48.8,2.02808E-06,2.14509E-06,8,147.63,61.7,6.90111E-06,7.16552E-06,8,1605.8,45.6,2.66639E-06,2.87309E-06,8,533.54,52,1.6143E-06,1.67195E-06,8,525.77,68.2,7.88337E-06,8.63931E-06,8,704.48,48,1.61981E-06,1.68675E-06,8,1036,55.8,3.93845E-06,4.04278E-06,8,214.97,66.3,6.67434E-06,7.06141E-06,8,1481.48,63.4,0.000217265,0.000231145,8,798.4,66.5,8.32715E-06,8.80214E-06,8,830.8966667,69.9,3.68159E-06,3.83085E-06,8,2020.2,61.1,1.01106E-05,1.0531E-05,8,674.9,53.7,1.49145E-06,1.52783E-06,8,380.989,61.8,1.79954E-06,1.8451E-06,8,752.913,72.1,3.74032E-06,3.79375E-06,8,483.035,65.7,2.62765E-06,2.73714E-06,8,1685.0281,60.6,8.49835E-06,9.03465E-06,8,9875.67,57.4,1.91781E-06,2.0274E-06,8,598.549,56,3.2799E-06,3.47719E-06,8,433.0876856,71.8,4.66299E-07,4.66299E-07,8,1680,71.01356507,4.16133E-06,4.28937E-06,8,3400,43.7,1.31281E-06,1.31281E-06,8,38.1507,71.9,2.46167E-06,2.56964E-06,8,278.166,67.3,1.34042E-05,1.44501E-05,8,1450.4,57.9,2.95276E-07,3.14961E-07,8,1302,103,8.95656E-08,8.95656E-08,8,309,69,4.05844E-07,5.27597E-07,8,8.4175,38,3.16256E-07,3.16256E-07,8,255,18,9.62232E-09,9.62232E-09,8,72.002,24,1.447E-07,1.447E-07,8,623,82,4.51196E-08,4.51196E-08,8,709.66,30,4.93421E-08,4.93421E-08,8,485.107,36,9.47368E-06,9.5614E-06,8,14200,66,2.15424E-08,2.15424E-08,8,242.2427,32,1.02041E-07,1.02041E-07,8,51.8,28,1.08696E-06,1.26812E-06,8,47.0344,62,2.32274E-06,3.30073E-06,8,132,17,2.67176E-06,2.67176E-06,8,277.6739,77,6.53442E-06,6.76779E-06,8,558.1968,52,1.65385E-05,1.65385E-05,8,37.6845,33,7.47059E-06,7.52941E-06,8,1059.31,47,3.96552E-06,3.96552E-06,8,357.6013,35,4.52586E-06,4.52586E-06,8,147,49,2.93825E-06,2.93825E-06,8,290.598,33,9.31174E-06,1.12011E-05,8,101.2,17,1.51745E-07,1.51745E-07,8,251.3,18,1.45773E-07,1.45773E-07,8,871,23,3.53357E-08,3.53357E-08,8,109.9,23,5.07614E-07,5.99908E-07,8,378,26,1.67447E-05,1.67447E-05,8,421,27
8.17742E-06,8.54839E-06,9,1157.73,51.9,1.0585E-05,1.17456E-05,9,3346.28,57.4,1.16748E-05,1.22276E-05,9,966.07,71,5.02982E-06,5.31501E-06,9,833.98,48.8,1.98908E-06,2.22309E-06,9,147.63,61.7,7.52688E-06,7.88824E-06,9,1605.8,45.6,2.81108E-06,3.10045E-06,9,533.54,52,1.58547E-06,1.84491E-06,9,525.77,68.2,1.00432E-05,1.06911E-05,9,704.48,48,1.71352E-06,1.80723E-06,9,1036,55.8,4.72092E-06,4.95566E-06,9,214.97,66.3,7.44848E-06,7.99247E-06,9,1481.48,63.4,0.000267812,0.000285094,9,798.4,66.5,9.09901E-06,9.81149E-06,9,830.8966667,69.9,3.96766E-06,4.24129E-06,9,2020.2,61.1,1.15044E-05,1.21239E-05,9,674.9,53.7,1.8916E-06,1.96435E-06,9,380.989,61.8,1.91344E-06,2.00456E-06,9,752.913,72.1,4.24793E-06,4.40823E-06,9,483.035,65.7,2.90634E-06,3.05564E-06,9,1685.0281,60.6,9.36469E-06,1.00248E-05,9,9875.67,57.4,2.08219E-06,2.21918E-06,9,598.549,56,3.40321E-06,3.71147E-06,9,433.0876856,71.8,4.66299E-07,4.66299E-07,9,1680,71.01356507,4.22535E-06,4.41741E-06,9,3400,43.7,1.44862E-06,1.44862E-06,9,38.1507,71.9,2.56964E-06,2.67761E-06,9,278.166,68.3,1.42583E-05,1.56005E-05,9,1450.4,57.9,3.54331E-07,3.74016E-07,9,1302,103,8.95656E-08,8.95656E-08,9,309,69,4.46429E-07,5.68182E-07,9,8.4175,38,3.47881E-07,3.79507E-07,9,255,18,9.62232E-09,9.62232E-09,9,72.002,24,1.447E-07,1.447E-07,9,623,82,6.01594E-08,6.01594E-08,9,709.66,30,4.93421E-08,4.93421E-08,9,485.107,36,1.74561E-05,1.75439E-05,9,14200,66,2.15424E-08,2.15424E-08,9,242.2427,32,1.02041E-07,1.02041E-07,9,51.8,28,1.08696E-06,1.26812E-06,9,47.0344,62,5.22005E-06,7.24939E-06,9,132,17,3.22837E-06,3.22837E-06,9,277.6739,77,8.98483E-06,9.33489E-06,9,558.1968,52,2.17308E-05,2.17308E-05,9,37.6845,33,1.54118E-05,1.55882E-05,9,1059.31,47,4.65517E-06,4.65517E-06,9,357.6013,35,5.17241E-06,5.17241E-06,9,147,49,4.0156E-06,4.0156E-06,9,290.598,33,1.22807E-05,1.45749E-05,9,101.2,17,1.51745E-07,1.51745E-07,9,251.3,18,1.45773E-07,1.45773E-07,9,871,23,3.53357E-08,3.53357E-08,9,109.9,23,5.07614E-07,5.99908E-07,9,378,26,2.02576E-05,2.02576E-05,9,421,27
8.98387E-06,9.53226E-06,10,1157.73,51.9,1.12349E-05,1.27205E-05,10,3346.28,57.4,1.20976E-05,1.26504E-05,10,966.07,71,5.28908E-06,5.57428E-06,10,833.98,48.8,2.18409E-06,2.4181E-06,10,147.63,61.7,7.87943E-06,8.32011E-06,10,1605.8,45.6,3.18313E-06,3.47251E-06,10,533.54,52,1.78726E-06,1.98905E-06,10,525.77,68.2,1.07991E-05,1.14471E-05,10,704.48,48,1.96787E-06,2.10174E-06,10,1036,55.8,5.65989E-06,5.92071E-06,10,214.97,66.3,8.27492E-06,8.9026E-06,10,1481.48,63.4,0.000315299,0.000336154,10,798.4,66.5,9.55915E-06,1.05537E-05,10,830.8966667,69.9,4.29104E-06,4.6393E-06,10,2020.2,61.1,1.24558E-05,1.32743E-05,10,674.9,53.7,2.0371E-06,2.14623E-06,10,380.989,61.8,1.93622E-06,2.02733E-06,10,752.913,72.1,4.43495E-06,4.62196E-06,10,483.035,65.7,3.16512E-06,3.45377E-06,10,1685.0281,60.6,9.5297E-06,1.06023E-05,10,9875.67,57.4,2.30137E-06,2.46575E-06,10,598.549,56,3.57583E-06,3.95808E-06,10,433.0876856,71.8,5.0869E-07,5.51081E-07,10,1680,71.01356507,4.80154E-06,4.9936E-06,10,3400,43.7,1.6297E-06,1.6297E-06,10,38.1507,71.9,2.65601E-06,2.76398E-06,10,278.166,69.3,1.5217E-05,1.66289E-05,10,1450.4,57.9,4.33071E-07,4.52756E-07,10,1302,103,8.95656E-08,8.95656E-08,10,309,69,4.46429E-07,5.68182E-07,10,8.4175,38,3.47881E-07,3.79507E-07,10,255,18,1.44335E-08,1.44335E-08,10,72.002,24,1.447E-07,1.447E-07,10,623,82,1.20319E-07,1.20319E-07,10,709.66,30,4.93421E-08,4.93421E-08,10,485.107,36,2.08772E-05,2.09649E-05,10,14200,66,4.30849E-08,4.30849E-08,10,242.2427,32,1.02041E-07,1.02041E-07,10,51.8,28,1.99275E-06,2.17391E-06,10,47.0344,62,9.15648E-06,1.1956E-05,10,132,17,4.56425E-06,4.56425E-06,10,277.6739,77,1.24854E-05,1.29522E-05,10,558.1968,52,3.01923E-05,3.01923E-05,10,37.6845,33,1.87059E-05,1.88824E-05,10,1059.31,47,5.86207E-06,6.03448E-06,10,357.6013,35,7.32759E-06,7.32759E-06,10,147,49,5.77855E-06,5.77855E-06,10,290.598,33,1.61943E-05,1.88934E-05,10,101.2,17,1.51745E-07,1.51745E-07,10,251.3,18,1.45773E-07,1.45773E-07,10,871,23,3.53357E-08,3.53357E-08,10,109.9,23,9.69082E-07,1.06138E-06,10,378,26,2.55269E-05,2.55269E-05,10,421,27
9.96774E-06,1.07258E-05,11,1157.73,51.9,1.22098E-05,1.37883E-05,11,3346.28,57.4,1.24878E-05,1.33659E-05,11,966.07,71,5.41872E-06,5.80762E-06,11,833.98,48.8,2.26209E-06,2.6131E-06,11,147.63,61.7,8.4435E-06,9.11334E-06,11,1605.8,45.6,3.2038E-06,3.55519E-06,11,533.54,52,2.01787E-06,2.21966E-06,11,525.77,68.2,1.13391E-05,1.2419E-05,11,704.48,48,2.06158E-06,2.28916E-06,11,1036,55.8,6.83359E-06,7.22483E-06,11,214.97,66.3,8.79799E-06,9.56167E-06,11,1481.48,63.4,0.000353197,0.000377983,11,798.4,66.5,9.91539E-06,1.14591E-05,11,830.8966667,69.9,4.60199E-06,5.07463E-06,11,2020.2,61.1,1.36283E-05,1.46239E-05,11,674.9,53.7,2.18261E-06,2.3645E-06,11,380.989,61.8,2.02733E-06,2.16401E-06,11,752.913,72.1,4.56853E-06,4.91584E-06,11,483.035,65.7,3.48363E-06,3.84194E-06,11,1685.0281,60.6,1.01485E-05,1.14274E-05,11,9875.67,57.4,2.30137E-06,2.63014E-06,11,598.549,56,3.71147E-06,4.24168E-06,11,433.0876856,71.8,6.35863E-07,6.78253E-07,11,1680,71.01356507,4.9936E-06,5.18566E-06,11,3400,43.7,1.7655E-06,1.7655E-06,11,38.1507,71.9,2.67761E-06,2.93673E-06,11,278.166,70.3,1.57922E-05,1.75353E-05,11,1450.4,57.9,4.52756E-07,4.72441E-07,11,1302,103,8.95656E-08,8.95656E-08,11,309,69,4.87013E-07,6.08766E-07,11,8.4175,38,4.11132E-07,4.42758E-07,11,255,18,3.84893E-08,3.84893E-08,11,72.002,24,1.56759E-07,1.56759E-07,11,623,82,1.20319E-07,1.20319E-07,11,709.66,30,4.93421E-08,4.93421E-08,11,485.107,36,2.08772E-05,2.09649E-05,11,14200,66,4.30849E-08,4.30849E-08,11,242.2427,32,1.02041E-07,1.02041E-07,11,51.8,28,2.53623E-06,2.71739E-06,11,47.0344,62,9.15648E-06,1.1956E-05,11,132,17,7.34733E-06,7.34733E-06,11,277.6739,77,2.45041E-05,2.49708E-05,11,558.1968,52,3.38462E-05,3.38462E-05,11,37.6845,33,1.87059E-05,1.88824E-05,11,1059.31,47,1.93103E-05,1.94828E-05,11,357.6013,35,9.05172E-06,9.26724E-06,11,147,49,5.77855E-06,5.77855E-06,11,290.598,33,1.92982E-05,2.24022E-05,11,101.2,17,1.51745E-07,1.51745E-07,11,251.3,18,1.45773E-07,1.45773E-07,11,871,23,3.53357E-08,3.53357E-08,11,109.9,23,9.69082E-07,1.06138E-06,11,378,26,3.80562E-05,3.80562E-05,11,421,27
1.0871E-05,1.18226E-05,12,1157.73,51.9,1.29526E-05,1.4624E-05,12,3346.28,57.4,1.28455E-05,1.39187E-05,12,966.07,71,5.65206E-06,6.19653E-06,12,833.98,48.8,2.3791E-06,2.76911E-06,12,147.63,61.7,8.75198E-06,9.65098E-06,12,1605.8,45.6,3.43117E-06,3.78255E-06,12,533.54,52,2.33497E-06,2.56558E-06,12,525.77,68.2,1.1987E-05,1.33909E-05,12,704.48,48,2.22222E-06,2.61044E-06,12,1036,55.8,7.22483E-06,7.69431E-06,12,214.97,66.3,9.1746E-06,1.02626E-05,12,1481.48,63.4,0.000395385,0.000426547,12,798.4,66.5,1.00193E-05,1.19193E-05,12,830.8966667,69.9,4.92537E-06,5.4602E-06,12,2020.2,61.1,1.42257E-05,1.54425E-05,12,674.9,53.7,2.32812E-06,2.51E-06,12,380.989,61.8,2.16401E-06,2.34624E-06,12,752.913,72.1,4.72883E-06,5.20972E-06,12,483.035,65.7,3.7225E-06,4.14054E-06,12,1685.0281,60.6,1.0066E-05,1.17987E-05,12,9875.67,57.4,2.30137E-06,2.84932E-06,12,598.549,56,3.78545E-06,4.47596E-06,12,433.0876856,71.8,6.78253E-07,7.20644E-07,12,1680,71.01356507,5.44174E-06,5.6338E-06,12,3400,43.7,1.90131E-06,1.90131E-06,12,38.1507,71.9,2.61283E-06,2.97992E-06,12,278.166,71.3,1.53042E-05,1.82674E-05,12,1450.4,57.9,4.33071E-07,4.72441E-07,12,1302,103,8.95656E-08,8.95656E-08,12,309,69,4.87013E-07,6.08766E-07,12,8.4175,38,4.42758E-07,4.74383E-07,12,255,18,6.25451E-08,6.25451E-08,12,72.002,24,1.56759E-07,1.56759E-07,12,623,82,1.20319E-07,1.35359E-07,12,709.66,30,4.93421E-08,4.93421E-08,12,485.107,36,2.33333E-05,2.34211E-05,12,14200,66,4.30849E-08,4.30849E-08,12,242.2427,32,1.02041E-07,1.02041E-07,12,51.8,28,3.26087E-06,3.44203E-06,12,47.0344,62,1.39853E-05,1.83496E-05,12,132,17,1.15776E-05,1.15776E-05,12,277.6739,77,3.22054E-05,3.27888E-05,12,558.1968,52,4.36538E-05,4.36538E-05,12,37.6845,33,2.22353E-05,2.24706E-05,12,1059.31,47,4.5E-05,4.51724E-05,12,357.6013,35,1.48707E-05,1.50862E-05,12,147,49,1.09695E-05,1.09695E-05,12,290.598,33,3.31984E-05,3.65722E-05,12,101.2,17,1.51745E-07,1.51745E-07,12,251.3,18,1.45773E-07,1.45773E-07,12,871,23,3.53357E-08,3.53357E-08,12,109.9,23,1.29211E-06,1.3844E-06,12,378,26,4.92974E-05,4.92974E-05,12,421,27
1.15E-05,1.25645E-05,13,1157.73,51.9,1.3324E-05,1.51346E-05,13,3346.28,57.4,1.2878E-05,1.45041E-05,13,966.07,71,5.75577E-06,6.48172E-06,13,833.98,48.8,2.4961E-06,3.08112E-06,13,147.63,61.7,8.83131E-06,9.96827E-06,13,1605.8,45.6,3.63787E-06,4.03059E-06,13,533.54,52,2.53675E-06,2.76737E-06,13,525.77,68.2,1.1879E-05,1.38229E-05,13,704.48,48,2.31593E-06,2.7577E-06,13,1036,55.8,7.48565E-06,8.0073E-06,13,214.97,66.3,9.37337E-06,1.08066E-05,13,1481.48,63.4,0.000425179,0.000463248,13,798.4,66.5,9.90055E-06,1.24388E-05,13,830.8966667,69.9,4.92537E-06,5.8209E-06,13,2020.2,61.1,1.47788E-05,1.63717E-05,13,674.9,53.7,2.3645E-06,2.8374E-06,13,380.989,61.8,2.20957E-06,2.3918E-06,13,752.913,72.1,4.91584E-06,5.55704E-06,13,483.035,65.7,3.83199E-06,4.41923E-06,13,1685.0281,60.6,1.0231E-05,1.20875E-05,13,9875.67,57.4,2.57534E-06,3.15068E-06,13,598.549,56,3.97041E-06,4.75956E-06,13,433.0876856,71.8,7.20644E-07,7.63035E-07,13,1680,71.01356507,5.44174E-06,5.76184E-06,13,3400,43.7,2.03712E-06,2.03712E-06,13,38.1507,71.9,2.65601E-06,3.0447E-06,13,278.166,72.3,1.54262E-05,1.8738E-05,13,1450.4,57.9,4.33071E-07,4.92126E-07,13,1302,103,1.64204E-07,1.64204E-07,13,309,69,4.87013E-07,6.08766E-07,13,8.4175,38,4.74383E-07,5.37634E-07,13,255,18,9.14121E-08,9.14121E-08,13,72.002,24,1.56759E-07,1.56759E-07,13,623,82,1.20319E-07,1.35359E-07,13,709.66,30,4.93421E-08,4.93421E-08,13,485.107,36,3.46491E-05,3.5E-05,13,14200,66,4.30849E-08,4.30849E-08,13,242.2427,32,1.02041E-07,1.02041E-07,13,51.8,28,5.25362E-06,5.43478E-06,13,47.0344,62,2.22983E-05,2.85575E-05,13,132,17,1.15776E-05,1.15776E-05,13,277.6739,77,3.87398E-05,3.93232E-05,13,558.1968,52,7.67308E-05,7.69231E-05,13,37.6845,33,3.58235E-05,3.61176E-05,13,1059.31,47,0.000105862,0.000106034,13,357.6013,35,1.9181E-05,1.93966E-05,13,147,49,1.63562E-05,1.65521E-05,13,290.598,33,4.58839E-05,4.99325E-05,13,101.2,17,1.51745E-07,1.51745E-07,13,251.3,18,1.45773E-07,1.45773E-07,13,871,23,3.53357E-08,3.53357E-08,13,109.9,23,2.26119E-06,2.35348E-06,13,378,26,6.11241E-05,6.13583E-05,13,421,27
1.19032E-05,1.33871E-05,14,1157.73,51.9,1.35097E-05,1.56453E-05,14,3346.28,57.4,1.31382E-05,1.52195E-05,14,966.07,71,5.83355E-06,6.76692E-06,14,833.98,48.8,2.4961E-06,3.23713E-06,14,147.63,61.7,8.82249E-06,1.01445E-05,14,1605.8,45.6,3.94791E-06,4.34064E-06,14,533.54,52,2.9115E-06,3.14212E-06,14,525.77,68.2,1.2311E-05,1.46868E-05,14,704.48,48,2.40964E-06,2.91834E-06,14,1036,55.8,7.77256E-06,8.63328E-06,14,214.97,66.3,9.28967E-06,1.1225E-05,14,1481.48,63.4,0.000460906,0.000506513,14,798.4,66.5,1.00638E-05,1.30474E-05,14,830.8966667,69.9,5.12438E-06,6.1194E-06,14,2020.2,61.1,1.47788E-05,1.70575E-05,14,674.9,53.7,2.43725E-06,2.91015E-06,14,380.989,61.8,2.18679E-06,2.46014E-06,14,752.913,72.1,4.96928E-06,5.69062E-06,14,483.035,65.7,3.99124E-06,4.6382E-06,14,1685.0281,60.6,1.03135E-05,1.2335E-05,14,9875.67,57.4,2.57534E-06,3.26027E-06,14,598.549,56,3.99507E-06,4.99383E-06,14,433.0876856,71.8,7.20644E-07,7.63035E-07,14,1680,71.01356507,5.69782E-06,6.01793E-06,14,3400,43.7,2.2182E-06,2.2182E-06,14,38.1507,71.9,2.63442E-06,3.0447E-06,14,278.166,73.3,1.52867E-05,1.90343E-05,14,1450.4,57.9,4.72441E-07,5.31496E-07,14,1302,103,1.64204E-07,1.64204E-07,14,309,69,4.87013E-07,6.08766E-07,14,8.4175,38,4.74383E-07,5.6926E-07,14,255,18,1.20279E-07,1.20279E-07,14,72.002,24,1.68817E-07,1.68817E-07,14,623,82,1.20319E-07,1.35359E-07,14,709.66,30,4.93421E-08,4.93421E-08,14,485.107,36,3.46491E-05,3.5E-05,14,14200,66,4.30849E-08,4.30849E-08,14,242.2427,32,1.02041E-07,1.02041E-07,14,51.8,28,5.7971E-06,5.97826E-06,14,47.0344,62,2.78484E-05,3.57213E-05,14,132,17,1.43607E-05,1.45833E-05,14,277.6739,77,3.87398E-05,3.93232E-05,14,558.1968,52,0.000135,0.000135192,14,37.6845,33,3.58235E-05,3.61176E-05,14,1059.31,47,0.000116034,0.000116207,14,357.6013,35,2.73707E-05,2.78017E-05,14,147,49,4.3584E-05,4.38778E-05,14,290.598,33,5.04723E-05,5.47908E-05,14,101.2,17,1.77036E-07,1.77036E-07,14,251.3,18,1.45773E-07,1.45773E-07,14,871,23,3.53357E-08,3.53357E-08,14,109.9,23,3.41486E-06,3.5533E-06,14,378,26,0.000110304,0.000111241,14,421,27
1.23548E-05,1.3871E-05,15,1157.73,51.9,1.35097E-05,1.58774E-05,15,3346.28,57.4,1.35935E-05,1.58049E-05,15,966.07,71,5.91133E-06,6.92248E-06,15,833.98,48.8,2.4571E-06,3.35413E-06,15,147.63,61.7,8.73436E-06,1.03737E-05,15,1605.8,45.6,3.80322E-06,4.44399E-06,15,533.54,52,3.08446E-06,3.40156E-06,15,525.77,68.2,1.2851E-05,1.53348E-05,15,704.48,48,2.61044E-06,3.19946E-06,15,1036,55.8,8.47679E-06,9.38967E-06,15,214.97,66.3,9.41521E-06,1.15598E-05,15,1481.48,63.4,0.000487726,0.000542359,15,798.4,66.5,1.00935E-05,1.35372E-05,15,830.8966667,69.9,5.28607E-06,6.40547E-06,15,2020.2,61.1,1.49558E-05,1.77876E-05,15,674.9,53.7,2.43725E-06,2.94653E-06,15,380.989,61.8,2.05011E-06,2.46014E-06,15,752.913,72.1,4.99599E-06,5.85092E-06,15,483.035,65.7,4.09077E-06,4.84722E-06,15,1685.0281,60.6,1.02723E-05,1.25E-05,15,9875.67,57.4,2.63014E-06,3.34247E-06,15,598.549,56,4.11837E-06,5.1418E-06,15,433.0876856,71.8,7.20644E-07,7.63035E-07,15,1680,71.01356507,6.01793E-06,6.65813E-06,15,3400,43.7,2.35401E-06,2.48981E-06,15,38.1507,71.9,2.80717E-06,3.21745E-06,15,278.166,74.3,1.50427E-05,1.94701E-05,15,1450.4,57.9,4.92126E-07,5.51181E-07,15,1302,103,1.64204E-07,1.64204E-07,15,309,69,4.05844E-07,6.08766E-07,15,8.4175,38,4.74383E-07,5.6926E-07,15,255,18,1.44335E-07,1.44335E-07,15,72.002,24,1.68817E-07,1.68817E-07,15,623,82,1.50399E-08,1.35359E-07,15,709.66,30,4.93421E-08,4.93421E-08,15,485.107,36,4.86842E-05,4.90351E-05,15,14200,66,4.30849E-08,4.30849E-08,15,242.2427,32,1.02041E-07,1.02041E-07,15,51.8,28,7.06522E-06,7.24638E-06,15,47.0344,62,3.26039E-05,4.29462E-05,15,132,17,1.98155E-05,2.02608E-05,15,277.6739,77,5.72929E-05,5.7993E-05,15,558.1968,52,0.000153462,0.000153846,15,37.6845,33,4.67059E-05,4.72941E-05,15,1059.31,47,0.000138448,0.000138621,15,357.6013,35,4.76293E-05,4.80603E-05,15,147,49,4.3584E-05,4.38778E-05,15,290.598,33,7.20648E-05,7.7193E-05,15,101.2,17,1.77036E-07,1.77036E-07,15,251.3,18,1.45773E-07,1.45773E-07,15,871,23,3.53357E-08,3.53357E-08,15,109.9,23,7.19889E-06,7.38348E-06,15,378,26,0.000191452,0.000193208,15,421,27
1.22903E-05,1.43387E-05,16,1157.73,51.9,1.36026E-05,1.63417E-05,16,3346.28,57.4,1.37561E-05,1.64228E-05,16,966.07,71,5.83355E-06,7.05211E-06,16,833.98,48.8,2.18409E-06,3.35413E-06,16,147.63,61.7,8.54927E-06,1.07439E-05,16,1605.8,45.6,3.92724E-06,4.58867E-06,16,533.54,52,3.25742E-06,3.7763E-06,16,525.77,68.2,1.38229E-05,1.63067E-05,16,704.48,48,2.67738E-06,3.36011E-06,16,1036,55.8,8.92019E-06,9.85915E-06,16,214.97,66.3,9.37337E-06,1.18736E-05,16,1481.48,63.4,0.000506991,0.000570359,16,798.4,66.5,1.00193E-05,1.40419E-05,16,830.8966667,69.9,5.29851E-06,6.75373E-06,16,2020.2,61.1,1.52434E-05,1.86726E-05,16,674.9,53.7,2.32812E-06,3.01928E-06,16,380.989,61.8,2.20957E-06,2.64237E-06,16,752.913,72.1,4.96928E-06,6.01122E-06,16,483.035,65.7,4.04101E-06,4.94675E-06,16,1685.0281,60.6,1.04373E-05,1.283E-05,16,9875.67,57.4,2.52055E-06,3.39726E-06,16,598.549,56,4.291E-06,5.37608E-06,16,433.0876856,71.8,7.20644E-07,7.63035E-07,16,1680,71.01356507,6.27401E-06,7.04225E-06,16,3400,43.7,2.53508E-06,2.67089E-06,16,38.1507,71.9,2.85036E-06,3.32542E-06,16,278.166,75.3,1.43106E-05,1.97141E-05,16,1450.4,57.9,4.92126E-07,5.51181E-07,16,1302,103,1.64204E-07,1.64204E-07,16,309,69,4.05844E-07,6.08766E-07,16,8.4175,38,4.74383E-07,5.6926E-07,16,255,18,1.6358E-07,1.6358E-07,16,72.002,24,1.92934E-07,1.92934E-07,16,623,82,1.50399E-08,1.35359E-07,16,709.66,30,4.93421E-08,4.93421E-08,16,485.107,36,6E-05,6.04386E-05,16,14200,66,4.30849E-08,4.30849E-08,16,242.2427,32,1.02041E-07,1.02041E-07,16,51.8,28,1.15942E-05,1.17754E-05,16,47.0344,62,4.74817E-05,5.80318E-05,16,132,17,3.3063E-05,3.36196E-05,16,277.6739,77,9.41657E-05,9.50992E-05,16,558.1968,52,0.000191154,0.000191538,16,37.6845,33,5.57059E-05,5.64118E-05,16,1059.31,47,0.000143793,0.000144138,16,357.6013,35,6.25E-05,6.2931E-05,16,147,49,7.62965E-05,7.68841E-05,16,290.598,33,8.16464E-05,8.71795E-05,16,101.2,17,1.77036E-07,1.77036E-07,16,251.3,18,1.45773E-07,1.45773E-07,16,871,23,3.53357E-08,3.53357E-08,16,109.9,23,9.41394E-06,9.69082E-06,16,378,26,0.000616628,0.000620375,16,421,27
1.21935E-05,1.46774E-05,17,1157.73,51.9,1.36955E-05,1.69916E-05,17,3346.28,57.4,1.32683E-05,1.70732E-05,17,966.07,71,5.83355E-06,7.2336E-06,17,833.98,48.8,1.98908E-06,3.39314E-06,17,147.63,61.7,8.39062E-06,1.09378E-05,17,1605.8,45.6,3.86523E-06,4.58867E-06,17,533.54,52,3.28625E-06,3.89161E-06,17,525.77,68.2,1.36069E-05,1.69546E-05,17,704.48,48,2.70415E-06,3.54752E-06,17,1036,55.8,9.25926E-06,1.03026E-05,17,214.97,66.3,9.39429E-06,1.22293E-05,17,1481.48,63.4,0.000742821,0.000824034,17,798.4,66.5,9.64821E-06,1.43684E-05,17,830.8966667,69.9,5.44776E-06,7.08955E-06,17,2020.2,61.1,1.55088E-05,1.9292E-05,17,674.9,53.7,2.21899E-06,3.05566E-06,17,380.989,61.8,2.11845E-06,2.64237E-06,17,752.913,72.1,4.94256E-06,6.11809E-06,17,483.035,65.7,4.01115E-06,5.06619E-06,17,1685.0281,60.6,1.0396E-05,1.2995E-05,17,9875.67,57.4,2.54795E-06,3.45205E-06,17,598.549,56,4.36498E-06,5.56104E-06,17,433.0876856,71.8,7.20644E-07,7.63035E-07,17,1680,71.01356507,6.33803E-06,7.23431E-06,17,3400,43.7,2.67089E-06,2.85197E-06,17,38.1507,71.9,2.85036E-06,3.34701E-06,17,278.166,76.3,1.41537E-05,1.99582E-05,17,1450.4,57.9,4.13386E-07,5.51181E-07,17,1302,103,1.64204E-07,1.64204E-07,17,309,69,4.05844E-07,6.08766E-07,17,8.4175,38,4.74383E-07,5.6926E-07,17,255,18,2.5018E-07,2.5018E-07,17,72.002,24,1.92934E-07,1.92934E-07,17,623,82,1.50399E-08,1.35359E-07,17,709.66,30,4.93421E-08,4.93421E-08,17,485.107,36,0.00010807,0.000109035,17,14200,66,4.30849E-08,4.30849E-08,17,242.2427,32,1.02041E-07,1.02041E-07,17,51.8,28,1.95652E-05,1.97464E-05,17,47.0344,62,5.18337E-05,8.02689E-05,17,132,17,3.96311E-05,4.01877E-05,17,277.6739,77,0.0001,0.000101284,17,558.1968,52,0.000212308,0.000213077,17,37.6845,33,9.77647E-05,0.000100294,17,1059.31,47,0.000164655,0.000165517,17,357.6013,35,0.000118319,0.000120043,17,147,49,,,,,,0.000115924,0.000122537,17,101.2,17,2.02327E-07,2.02327E-07,17,251.3,18,1.45773E-07,1.45773E-07,17,871,23,3.53357E-08,3.53357E-08,17,109.9,23,1.73973E-05,1.77204E-05,17,378,26,,,,,
1.22903E-05,1.50645E-05,18,1157.73,51.9,1.34633E-05,1.72702E-05,18,3346.28,57.4,1.25528E-05,1.72033E-05,18,966.07,71,5.75577E-06,7.28546E-06,18,833.98,48.8,1.95008E-06,3.54914E-06,18,147.63,61.7,8.17028E-06,1.1114E-05,18,1605.8,45.6,3.90657E-06,4.67135E-06,18,533.54,52,3.19977E-06,4.03575E-06,18,525.77,68.2,1.33909E-05,1.70626E-05,18,704.48,48,2.7577E-06,3.78849E-06,18,1036,55.8,9.41575E-06,1.09025E-05,18,214.97,66.3,8.96537E-06,1.23862E-05,18,1481.48,63.4,0.000800103,0.00088865,18,798.4,66.5,9.24744E-06,1.46653E-05,18,830.8966667,69.9,5.59701E-06,7.37562E-06,18,2020.2,61.1,1.57522E-05,1.99115E-05,18,674.9,53.7,2.18261E-06,3.12841E-06,18,380.989,61.8,2.09567E-06,2.66515E-06,18,752.913,72.1,4.72883E-06,6.1448E-06,18,483.035,65.7,3.99124E-06,5.20553E-06,18,1685.0281,60.6,9.36469E-06,1.31188E-05,18,9875.67,57.4,2.46575E-06,3.45205E-06,18,598.549,56,4.40197E-06,5.709E-06,18,433.0876856,71.8,7.20644E-07,7.63035E-07,18,1680,71.01356507,6.14597E-06,7.68246E-06,18,3400,43.7,2.62562E-06,2.94251E-06,18,38.1507,71.9,2.91514E-06,3.49816E-06,18,278.166,77.3,1.37354E-05,2.01325E-05,18,1450.4,57.9,4.13386E-07,5.51181E-07,18,1302,103,1.64204E-07,1.64204E-07,18,309,69,4.05844E-07,6.08766E-07,18,8.4175,38,5.06009E-07,6.00886E-07,18,255,18,3.70459E-07,3.70459E-07,18,72.002,24,1.80875E-07,1.92934E-07,18,623,82,1.50399E-08,1.35359E-07,18,709.66,30,4.93421E-08,4.93421E-08,18,485.107,36,0.000127807,0.000130351,18,14200,66,4.30849E-08,4.30849E-08,18,242.2427,32,1.02041E-07,1.02041E-07,18,51.8,28,2.78986E-05,2.80797E-05,18,47.0344,62,5.5379E-05,8.75428E-05,18,132,17,5.53277E-05,5.61069E-05,18,277.6739,77,0.000131155,0.000132905,18,558.1968,52,0.000258269,0.000259038,18,37.6845,33,0.000118118,0.000120647,18,1059.31,47,0.000179138,0.00018,18,357.6013,35,,,,,,,,,,,0.000129555,0.000137112,18,101.2,17,2.02327E-07,2.02327E-07,18,251.3,18,1.45773E-07,1.45773E-07,18,871,23,3.53357E-08,3.53357E-08,18,109.9,23,,,,,,,,,,
1.17419E-05,1.53226E-05,19,1157.73,51.9,1.27205E-05,1.74095E-05,19,3346.28,57.4,1.23577E-05,1.74634E-05,19,966.07,71,5.67799E-06,7.38916E-06,19,833.98,48.8,1.67707E-06,3.51014E-06,19,147.63,61.7,7.94994E-06,1.14049E-05,19,1605.8,45.6,3.92724E-06,4.85738E-06,19,533.54,52,2.9115E-06,4.12223E-06,19,525.77,68.2,1.2959E-05,1.74946E-05,19,704.48,48,2.70415E-06,3.89558E-06,19,1036,55.8,9.46792E-06,1.1085E-05,19,214.97,66.3,8.79799E-06,1.26792E-05,19,1481.48,63.4,0.000823504,0.000930017,19,798.4,66.5,8.86151E-06,1.48582E-05,19,830.8966667,69.9,5.38557E-06,7.51244E-06,19,2020.2,61.1,1.5531E-05,2.01991E-05,19,674.9,53.7,2.25537E-06,3.20116E-06,19,380.989,61.8,2.02733E-06,2.71071E-06,19,752.913,72.1,4.72883E-06,6.19824E-06,19,483.035,65.7,3.78222E-06,5.27521E-06,19,1685.0281,60.6,8.29208E-06,1.34488E-05,19,9875.67,57.4,2.30137E-06,3.47945E-06,19,598.549,56,4.30333E-06,5.79531E-06,19,433.0876856,71.8,7.20644E-07,7.63035E-07,19,1680,71.01356507,5.50576E-06,7.74648E-06,19,3400,43.7,2.85197E-06,3.16885E-06,19,38.1507,71.9,2.72079E-06,3.62773E-06,19,278.166,78.3,1.29859E-05,2.02545E-05,19,1450.4,57.9,4.13386E-07,5.51181E-07,19,1302,103,1.64204E-07,1.64204E-07,19,309,69,4.05844E-07,6.08766E-07,19,8.4175,38,5.6926E-07,6.64137E-07,19,255,18,7.26485E-07,7.26485E-07,19,72.002,24,1.80875E-07,1.92934E-07,19,623,82,1.50399E-08,1.35359E-07,19,709.66,30,4.93421E-08,4.93421E-08,19,485.107,36,0.000152895,0.000157456,19,14200,66,4.30849E-08,4.30849E-08,19,242.2427,32,1.02041E-07,1.02041E-07,19,51.8,28,3.89493E-05,4.07609E-05,19,47.0344,62,5.5379E-05,8.75428E-05,19,132,17,7.32507E-05,7.403E-05,19,277.6739,77,0.00015846,0.000160443,19,558.1968,52,0.000296731,0.000298077,19,37.6845,33,0.000140118,0.000144706,19,1059.31,47,0.000197241,0.000198448,19,357.6013,35,,,,,,,,,,,0.000151417,0.000160729,19,101.2,17,2.02327E-07,2.02327E-07,19,251.3,18,1.45773E-07,1.45773E-07,19,871,23,3.53357E-08,3.53357E-08,19,109.9,23,,,,,,,,,,
1.13226E-05,1.55161E-05,20,1157.73,51.9,1.25812E-05,1.76416E-05,20,3346.28,57.4,1.15447E-05,1.77886E-05,20,966.07,71,5.39279E-06,7.44102E-06,20,833.98,48.8,1.44306E-06,3.51014E-06,20,147.63,61.7,7.72078E-06,1.15988E-05,20,1605.8,45.6,3.90657E-06,4.89872E-06,20,533.54,52,2.99798E-06,4.15105E-06,20,525.77,68.2,1.15551E-05,1.74946E-05,20,704.48,48,2.61044E-06,4.01606E-06,20,1036,55.8,9.33751E-06,1.16067E-05,20,214.97,66.3,8.45277E-06,1.28779E-05,20,1481.48,63.4,0.00083812,0.000961521,20,798.4,66.5,8.13418E-06,1.49028E-05,20,830.8966667,69.9,5.06219E-06,7.67413E-06,20,2020.2,61.1,1.51549E-05,2.04646E-05,20,674.9,53.7,2.18261E-06,3.23754E-06,20,380.989,61.8,1.93622E-06,2.73349E-06,20,752.913,72.1,4.51509E-06,6.3051E-06,20,483.035,65.7,3.67274E-06,5.34488E-06,20,1685.0281,60.6,7.71452E-06,1.35314E-05,20,9875.67,57.4,2.19178E-06,3.50685E-06,20,598.549,56,4.291E-06,5.93095E-06,20,433.0876856,71.8,6.78253E-07,7.63035E-07,20,1680,71.01356507,5.37772E-06,7.93854E-06,20,3400,43.7,2.62562E-06,3.21412E-06,20,38.1507,71.9,2.74239E-06,3.64932E-06,20,278.166,79.3,1.26547E-05,2.03416E-05,20,1450.4,57.9,3.93701E-07,5.70866E-07,20,1302,103,1.04493E-07,1.79131E-07,20,309,69,4.05844E-07,6.08766E-07,20,8.4175,38,4.74383E-07,6.95762E-07,20,255,18,7.26485E-07,7.26485E-07,20,72.002,24,1.80875E-07,1.92934E-07,20,623,82,1.50399E-08,1.35359E-07,20,709.66,30,4.93421E-08,4.93421E-08,20,485.107,36,,,,,,4.30849E-08,4.30849E-08,20,242.2427,32,1.02041E-07,1.02041E-07,20,51.8,28,4.74638E-05,4.92754E-05,20,47.0344,62,6.13692E-05,9.8313E-05,20,132,17,0.000112103,0.000113104,20,277.6739,77,0.000262077,0.000264761,20,558.1968,52,0.000336538,0.000338077,20,37.6845,33,,,,,,,,,,,,,,,,,,,,,,,,,,2.02327E-07,2.02327E-07,20,251.3,18,1.45773E-07,1.45773E-07,20,871,23,3.53357E-08,3.53357E-08,20,109.9,23,,,,,,,,,,
1.10968E-05,1.56935E-05,21,1157.73,51.9,1.22098E-05,1.7688E-05,21,3346.28,57.4,1.09593E-05,1.79512E-05,21,966.07,71,5.34094E-06,7.5188E-06,21,833.98,48.8,1.32605E-06,3.51014E-06,21,147.63,61.7,7.36824E-06,1.16517E-05,21,1605.8,45.6,3.82389E-06,4.91939E-06,21,533.54,52,2.56558E-06,4.20871E-06,21,525.77,68.2,1.09071E-05,1.76026E-05,21,704.48,48,2.50335E-06,4.02945E-06,21,1036,55.8,9.44184E-06,1.19197E-05,21,214.97,66.3,7.87739E-06,1.30348E-05,21,1481.48,63.4,0.000852051,0.000994564,21,798.4,66.5,7.59982E-06,1.49325E-05,21,830.8966667,69.9,4.70149E-06,7.78607E-06,21,2020.2,61.1,1.4469E-05,2.05752E-05,21,674.9,53.7,2.10986E-06,3.23754E-06,21,380.989,61.8,1.79954E-06,2.75626E-06,21,752.913,72.1,4.40823E-06,6.41197E-06,21,483.035,65.7,3.5533E-06,5.38469E-06,21,1685.0281,60.6,7.0132E-06,1.36964E-05,21,9875.67,57.4,2.13699E-06,3.53425E-06,21,598.549,56,4.26634E-06,6.10358E-06,21,433.0876856,71.8,7.20644E-07,8.47817E-07,21,1680,71.01356507,4.92958E-06,8.00256E-06,21,3400,43.7,2.8067E-06,3.3952E-06,21,38.1507,71.9,2.72079E-06,3.69251E-06,21,278.166,80.3,1.194E-05,2.04114E-05,21,1450.4,57.9,4.13386E-07,5.90551E-07,21,1302,103,1.04493E-07,1.79131E-07,21,309,69,4.05844E-07,6.08766E-07,21,8.4175,38,4.74383E-07,6.95762E-07,21,255,18,1.121E-06,1.12581E-06,21,72.002,24,1.80875E-07,1.92934E-07,21,623,82,1.50399E-08,1.35359E-07,21,709.66,30,4.93421E-08,4.93421E-08,21,485.107,36,,,,,,4.30849E-08,4.30849E-08,21,242.2427,32,1.02041E-07,1.02041E-07,21,51.8,28,5.85145E-05,6.03261E-05,21,47.0344,62,7.78729E-05,0.000123166,21,132,17,0.000181791,0.000183238,21,277.6739,77,0.000320537,0.000323454,21,558.1968,52,,,,,,,,,,,,,,,,,,,,,,,,,,,,,,,2.02327E-07,2.02327E-07,21,251.3,18,1.45773E-07,1.45773E-07,21,871,23,3.53357E-08,3.53357E-08,21,109.9,23,,,,,,,,,,
1.03065E-05,1.58387E-05,22,1157.73,51.9,1.2117E-05,1.79666E-05,22,3346.28,57.4,1.01789E-05,1.79837E-05,22,966.07,71,5.2113E-06,7.57065E-06,22,833.98,48.8,1.20905E-06,3.54914E-06,22,147.63,61.7,6.90992E-06,1.17046E-05,22,1605.8,45.6,3.6172E-06,5.00207E-06,22,533.54,52,2.27731E-06,4.20871E-06,22,525.77,68.2,9.93521E-06,1.76026E-05,22,704.48,48,2.31593E-06,4.04284E-06,22,1036,55.8,9.25926E-06,1.21022E-05,22,214.97,66.3,7.66817E-06,1.31499E-05,22,1481.48,63.4,0.00085988,0.001025453,22,798.4,66.5,7.28811E-06,1.49473E-05,22,830.8966667,69.9,4.41542E-06,7.82338E-06,22,2020.2,61.1,1.37611E-05,2.06416E-05,22,674.9,53.7,1.8916E-06,3.23754E-06,22,380.989,61.8,1.68565E-06,2.75626E-06,22,752.913,72.1,4.00748E-06,6.41197E-06,22,483.035,65.7,3.37414E-06,5.4046E-06,22,1685.0281,60.6,6.39439E-06,1.37376E-05,22,9875.67,57.4,2.10959E-06,3.56164E-06,22,598.549,56,4.19236E-06,6.26387E-06,22,433.0876856,71.8,8.05426E-07,9.32599E-07,22,1680,71.01356507,4.9936E-06,8.1306E-06,22,3400,43.7,2.85197E-06,3.44047E-06,22,38.1507,71.9,2.50486E-06,3.7141E-06,22,278.166,81.3,1.13648E-05,2.04288E-05,22,1450.4,57.9,3.74016E-07,6.10236E-07,22,1302,103,1.04493E-07,1.79131E-07,22,309,69,4.05844E-07,6.08766E-07,22,8.4175,38,4.11132E-07,6.95762E-07,22,255,18,1.39043E-06,1.40005E-06,22,72.002,24,8.44085E-08,1.92934E-07,22,623,82,1.50399E-08,1.35359E-07,22,709.66,30,4.93421E-08,4.93421E-08,22,485.107,36,,,,,,4.30849E-08,4.30849E-08,22,242.2427,32,1.02041E-07,1.02041E-07,22,51.8,28,7.06522E-05,7.24638E-05,22,47.0344,62,7.78729E-05,0.000123166,22,132,17,0.000222647,0.000224094,22,277.6739,77,0.000394866,0.000401167,22,558.1968,52,,,,,,,,,,,,,,,,,,,,,,,,,,,,,,,2.02327E-07,2.02327E-07,22,251.3,18,1.45773E-07,1.45773E-07,22,871,23,4.24028E-07,4.24028E-07,22,109.9,23,,,,,,,,,,
9.40323E-06,1.59032E-05,23,1157.73,51.9,1.13278E-05,1.82451E-05,23,3346.28,57.4,9.5935E-06,1.80488E-05,23,966.07,71,4.95204E-06,7.59658E-06,23,833.98,48.8,1.05304E-06,3.54914E-06,23,147.63,61.7,6.61026E-06,1.1731E-05,23,1605.8,45.6,3.32782E-06,5.04341E-06,23,533.54,52,2.16201E-06,4.20871E-06,23,525.77,68.2,8.63931E-06,1.76026E-05,23,704.48,48,2.19545E-06,4.09639E-06,23,1036,55.8,8.89411E-06,1.22587E-05,23,214.97,66.3,7.12418E-06,1.32022E-05,23,1481.48,63.4,0.000864359,0.001054393,23,798.4,66.5,6.70922E-06,1.49621E-05,23,830.8966667,69.9,4.11692E-06,7.84826E-06,23,2020.2,61.1,1.26327E-05,2.06637E-05,23,674.9,53.7,1.8916E-06,3.27392E-06,23,380.989,61.8,1.48064E-06,2.75626E-06,23,752.913,72.1,3.7136E-06,6.4654E-06,23,483.035,65.7,3.14522E-06,5.41455E-06,23,1685.0281,60.6,5.98185E-06,1.37376E-05,23,9875.67,57.4,1.91781E-06,3.58904E-06,23,598.549,56,4.01973E-06,6.33785E-06,23,433.0876856,71.8,8.05426E-07,9.32599E-07,23,1680,71.01356507,4.92958E-06,8.19462E-06,23,3400,43.7,2.48981E-06,3.44047E-06,23,38.1507,71.9,2.41848E-06,3.73569E-06,23,278.166,82.3,1.07199E-05,2.04637E-05,23,1450.4,57.9,6.88976E-07,9.25197E-07,23,1302,103,1.04493E-07,1.79131E-07,23,309,69,4.05844E-07,6.08766E-07,23,8.4175,38,4.11132E-07,6.95762E-07,23,255,18,2.94443E-06,2.98773E-06,23,72.002,24,8.44085E-08,1.92934E-07,23,623,82,7.51993E-08,1.95518E-07,23,709.66,30,5.09868E-07,5.42763E-07,23,485.107,36,,,,,,4.30849E-08,4.30849E-08,23,242.2427,32,1.02041E-07,1.02041E-07,23,51.8,28,,,,,,8.94988E-05,0.000138924,23,132,17,,,,,,,,,,,,,,,,,,,,,,,,,,,,,,,,,,,,,,,,,2.02327E-07,2.02327E-07,23,251.3,18,1.45773E-07,1.45773E-07,23,871,23,6.00707E-07,6.00707E-07,23,109.9,23,,,,,,,,,,
8.5E-06,1.59194E-05,24,1157.73,51.9,1.10492E-05,1.8338E-05,24,3346.28,57.4,9.13821E-06,1.82114E-05,24,966.07,71,4.53721E-06,7.59658E-06,24,833.98,48.8,9.36037E-07,3.54914E-06,24,147.63,61.7,6.21364E-06,1.17398E-05,24,1605.8,45.6,3.18313E-06,5.06408E-06,24,533.54,52,2.10435E-06,4.20871E-06,24,525.77,68.2,8.63931E-06,1.81425E-05,24,704.48,48,1.96787E-06,4.10977E-06,24,1036,55.8,8.6072E-06,1.24152E-05,24,214.97,66.3,6.59065E-06,1.32336E-05,24,1481.48,63.4,0.000848957,0.001060359,24,798.4,66.5,5.8483E-06,1.49918E-05,24,830.8966667,69.9,3.66915E-06,7.84826E-06,24,2020.2,61.1,1.10619E-05,2.06637E-05,24,674.9,53.7,1.78247E-06,3.31029E-06,24,380.989,61.8,1.38952E-06,2.75626E-06,24,752.913,72.1,3.68688E-06,6.54555E-06,24,483.035,65.7,2.90634E-06,5.43446E-06,24,1685.0281,60.6,5.4868E-06,1.37789E-05,24,9875.67,57.4,1.58904E-06,3.58904E-06,24,598.549,56,3.77312E-06,6.41184E-06,24,433.0876856,71.8,8.90208E-07,1.01738E-06,24,1680,71.01356507,4.6735E-06,8.32266E-06,24,3400,43.7,2.48981E-06,3.44047E-06,24,38.1507,71.9,2.00821E-06,3.73569E-06,24,278.166,83.3,9.77863E-06,2.04811E-05,24,1450.4,57.9,1.37795E-06,1.61417E-06,24,1302,103,1.04493E-07,1.79131E-07,24,309,69,4.05844E-07,6.08766E-07,24,8.4175,38,2.21379E-07,6.95762E-07,24,255,18,,,,,,8.44085E-08,1.92934E-07,24,623,82,7.51993E-08,1.95518E-07,24,709.66,30,1.25E-06,1.29934E-06,24,485.107,36,,,,,,2.15424E-08,6.46273E-08,24,242.2427,32,1.02041E-07,1.02041E-07,24,51.8,28,,,,,,9.50978E-05,0.000155611,24,132,17,,,,,,,,,,,,,,,,,,,,,,,,,,,,,,,,,,,,,,,,,2.02327E-07,2.02327E-07,24,251.3,18,1.45773E-07,1.45773E-07,24,871,23,6.71378E-07,6.71378E-07,24,109.9,23,,,,,,,,,,
7.43548E-06,1.59355E-05,25,1157.73,51.9,1.03528E-05,1.83844E-05,25,3346.28,57.4,8.52033E-06,1.8439E-05,25,966.07,71,4.09645E-06,7.59658E-06,25,833.98,48.8,7.02028E-07,3.54914E-06,25,147.63,61.7,5.83466E-06,1.17486E-05,25,1605.8,45.6,2.97644E-06,5.08475E-06,25,533.54,52,1.96022E-06,4.20871E-06,25,525.77,68.2,8.09935E-06,1.81425E-05,25,704.48,48,1.74029E-06,4.12316E-06,25,1036,55.8,7.90297E-06,1.24935E-05,25,214.97,66.3,5.38759E-06,1.32545E-05,25,1481.48,63.4,0.000831863,0.001071145,25,798.4,66.5,5.26941E-06,1.50067E-05,25,830.8966667,69.9,3.28358E-06,7.84826E-06,25,2020.2,61.1,9.82301E-06,2.06637E-05,25,674.9,53.7,1.67334E-06,3.31029E-06,25,380.989,61.8,1.34396E-06,2.75626E-06,25,752.913,72.1,3.33957E-06,6.54555E-06,25,483.035,65.7,4.66806E-06,7.45496E-06,25,1685.0281,60.6,4.99175E-06,1.37789E-05,25,9875.67,57.4,1.53425E-06,3.61644E-06,25,598.549,56,3.67448E-06,6.47349E-06,25,433.0876856,71.8,9.74989E-07,1.10216E-06,25,1680,71.01356507,4.48143E-06,8.4507E-06,25,3400,43.7,2.39928E-06,3.44047E-06,25,38.1507,71.9,1.64111E-06,3.75729E-06,25,278.166,84.3,9.55203E-06,2.09691E-05,25,1450.4,57.9,2.81496E-06,3.07087E-06,25,1302,103,1.04493E-07,1.79131E-07,25,309,69,4.05844E-07,6.08766E-07,25,8.4175,38,2.21379E-07,6.95762E-07,25,255,18,,,,,,8.44085E-08,1.92934E-07,25,623,82,7.51993E-08,1.95518E-07,25,709.66,30,3.63487E-06,3.78289E-06,25,485.107,36,,,,,,2.15424E-08,6.46273E-08,25,242.2427,32,1.02041E-07,1.02041E-07,25,51.8,28,,,,,,0.000119707,0.000197665,25,132,17,,,,,,,,,,,,,,,,,,,,,,,,,,,,,,,,,,,,,,,,,2.27618E-07,2.27618E-07,25,251.3,18,1.45773E-07,1.45773E-07,25,871,23,8.12721E-07,8.12721E-07,25,109.9,23,,,,,,,,,,
6.22581E-06,1.59516E-05,26,1157.73,51.9,9.98143E-06,1.85237E-05,26,3346.28,57.4,8.13008E-06,1.86016E-05,26,966.07,71,3.42235E-06,7.59658E-06,26,833.98,48.8,5.0702E-07,3.54914E-06,26,147.63,61.7,5.33228E-06,1.18015E-05,26,1605.8,45.6,2.95577E-06,5.14675E-06,26,533.54,52,1.55664E-06,4.20871E-06,26,525.77,68.2,5.18359E-06,1.81425E-05,26,704.48,48,1.3253E-06,4.13655E-06,26,1036,55.8,6.59885E-06,1.24935E-05,26,214.97,66.3,4.36238E-06,1.32859E-05,26,1481.48,63.4,0.000812564,0.001084684,26,798.4,66.5,4.70536E-06,1.50364E-05,26,830.8966667,69.9,2.8607E-06,7.84826E-06,26,2020.2,61.1,8.36283E-06,2.06637E-05,26,674.9,53.7,1.38232E-06,3.31029E-06,26,380.989,61.8,1.23007E-06,2.75626E-06,26,752.913,72.1,2.56479E-06,6.54555E-06,26,483.035,65.7,4.41923E-06,7.46491E-06,26,1685.0281,60.6,4.33168E-06,1.38201E-05,26,9875.67,57.4,1.45205E-06,3.61644E-06,26,598.549,56,3.36621E-06,6.48582E-06,26,433.0876856,71.8,9.74989E-07,1.10216E-06,26,1680,71.01356507,4.28937E-06,8.64277E-06,26,3400,43.7,2.2182E-06,3.44047E-06,26,38.1507,71.9,1.40358E-06,3.75729E-06,26,278.166,85.3,8.47133E-06,2.1004E-05,26,1450.4,57.9,8.11024E-06,8.52362E-06,26,1302,103,1.04493E-07,1.79131E-07,26,309,69,4.87013E-07,6.89935E-07,26,8.4175,38,2.21379E-07,6.95762E-07,26,255,18,,,,,,8.44085E-08,1.92934E-07,26,623,82,7.51993E-08,1.95518E-07,26,709.66,30,3.66776E-06,3.81579E-06,26,485.107,36,,,,,,1.50797E-07,1.93882E-07,26,242.2427,32,1.02041E-07,1.02041E-07,26,51.8,28,,,,,,0.000128557,0.000212237,26,132,17,,,,,,,,,,,,,,,,,,,,,,,,,,,,,,,,,,,,,,,,,2.52908E-07,2.52908E-07,26,251.3,18,1.45773E-07,1.45773E-07,26,871,23,8.48057E-07,8.48057E-07,26,109.9,23,,,,,,,,,,
5.64516E-06,1.59516E-05,27,1157.73,51.9,9.5636E-06,1.85237E-05,27,3346.28,57.4,7.77236E-06,1.86341E-05,27,966.07,71,3.29271E-06,7.59658E-06,27,833.98,48.8,5.0702E-07,3.54914E-06,27,147.63,61.7,5.2177E-06,1.1828E-05,27,1605.8,45.6,2.95577E-06,5.14675E-06,27,533.54,52,1.52782E-06,4.20871E-06,27,525.77,68.2,6.47948E-06,1.81425E-05,27,704.48,48,1.31191E-06,4.16332E-06,27,1036,55.8,6.54669E-06,1.25196E-05,27,214.97,66.3,4.07992E-06,1.32964E-05,27,1481.48,63.4,0.00079347,0.001095453,27,798.4,66.5,4.55692E-06,1.50809E-05,27,830.8966667,69.9,2.72388E-06,7.84826E-06,27,2020.2,61.1,7.12389E-06,2.06637E-05,27,674.9,53.7,1.38232E-06,3.31029E-06,27,380.989,61.8,1.18451E-06,2.75626E-06,27,752.913,72.1,2.40449E-06,6.54555E-06,27,483.035,65.7,4.29979E-06,7.50473E-06,27,1685.0281,60.6,3.42409E-06,1.38201E-05,27,9875.67,57.4,1.28767E-06,3.61644E-06,27,598.549,56,3.25524E-06,6.48582E-06,27,433.0876856,71.8,1.05977E-06,1.18694E-06,27,1680,71.01356507,3.64917E-06,8.64277E-06,27,3400,43.7,2.2182E-06,3.44047E-06,27,38.1507,71.9,1.23084E-06,3.75729E-06,27,278.166,86.3,8.0007E-06,2.1004E-05,27,1450.4,57.9,1.04921E-05,1.09449E-05,27,1302,103,1.04493E-07,1.79131E-07,27,309,69,4.87013E-07,6.89935E-07,27,8.4175,38,2.21379E-07,6.95762E-07,27,255,18,,,,,,8.44085E-08,1.92934E-07,27,623,82,1.20319E-07,2.40638E-07,27,709.66,30,5.9375E-06,6.15132E-06,27,485.107,36,,,,,,2.36967E-07,2.80052E-07,27,242.2427,32,2.04082E-07,2.04082E-07,27,51.8,28,,,,,,0.000139523,0.000225024,27,132,17,,,,,,,,,,,,,,,,,,,,,,,,,,,,,,,,,,,,,,,,,2.52908E-07,2.52908E-07,27,251.3,18,2.91545E-07,2.91545E-07,27,871,23,1.02473E-06,1.02473E-06,27,109.9,23,,,,,,,,,,
4.69355E-06,1.59516E-05,28,1157.73,51.9,9.14578E-06,1.85237E-05,28,3346.28,57.4,7.18699E-06,1.87317E-05,28,966.07,71,2.72232E-06,7.6225E-06,28,833.98,48.8,3.51014E-07,3.54914E-06,28,147.63,61.7,4.81227E-06,1.18544E-05,28,1605.8,45.6,2.50103E-06,5.20876E-06,28,533.54,52,1.1819E-06,4.20871E-06,28,525.77,68.2,5.07559E-06,1.81425E-05,28,704.48,48,8.5676E-07,4.16332E-06,28,1036,55.8,6.15545E-06,1.25196E-05,28,214.97,66.3,2.75133E-06,1.32964E-05,28,1481.48,63.4,0.000769983,0.001098923,28,798.4,66.5,3.87413E-06,1.50809E-05,28,830.8966667,69.9,2.15174E-06,7.84826E-06,28,2020.2,61.1,6.34956E-06,2.06637E-05,28,674.9,53.7,1.16406E-06,3.38305E-06,28,380.989,61.8,8.42825E-07,2.75626E-06,28,752.913,72.1,1.84344E-06,6.54555E-06,28,483.035,65.7,4.04101E-06,7.51468E-06,28,1685.0281,60.6,2.92904E-06,1.38201E-05,28,9875.67,57.4,1.06849E-06,3.64384E-06,28,598.549,56,3.05795E-06,6.52281E-06,28,433.0876856,71.8,1.01738E-06,1.27173E-06,28,1680,71.01356507,2.88092E-06,8.64277E-06,28,3400,43.7,1.99185E-06,3.44047E-06,28,38.1507,71.9,1.03649E-06,3.75729E-06,28,278.166,87.3,7.33833E-06,2.09169E-06,28,1450.4,57.9,1.58071E-05,1.63976E-05,28,1302,103,0,1.79131E-07,28,309,69,4.87013E-07,8.92857E-07,28,8.4175,38,2.21379E-07,6.95762E-07,28,255,18,,,,,,2.41167E-08,1.92934E-07,28,623,82,2.25598E-07,3.45917E-07,28,709.66,30,7.48355E-06,7.73026E-06,28,485.107,36,,,,,,4.95476E-07,5.38561E-07,28,242.2427,32,7.14286E-07,7.14286E-07,28,51.8,28,,,,,,,,,,,,,,,,,,,,,,,,,,,,,,,,,,,,,,,,,,,,,,,,,,,2.52908E-07,2.52908E-07,28,251.3,18,2.91545E-07,2.91545E-07,28,871,23,1.16608E-06,1.16608E-06,28,109.9,23,,,,,,,,,,
4.35484E-06,1.59516E-05,29,1157.73,51.9,8.40297E-06,1.85701E-05,29,3346.28,57.4,7.18699E-06,1.87317E-05,29,966.07,71,2.51491E-06,7.6225E-06,29,833.98,48.8,3.51014E-07,3.54914E-06,29,147.63,61.7,4.7065E-06,1.1872E-05,29,1605.8,45.6,2.39768E-06,5.20876E-06,29,533.54,52,1.1819E-06,4.20871E-06,29,525.77,68.2,4.42765E-06,1.81425E-05,29,704.48,48,8.5676E-07,4.16332E-06,29,1036,55.8,5.92071E-06,1.25196E-05,29,214.97,66.3,2.74087E-06,1.32964E-05,29,1481.48,63.4,0.000740752,0.001107453,29,798.4,66.5,3.78507E-06,1.50809E-05,29,830.8966667,69.9,2.15174E-06,7.84826E-06,29,2020.2,61.1,5.5531E-06,2.06637E-05,29,674.9,53.7,1.12768E-06,3.38305E-06,29,380.989,61.8,8.42825E-07,2.75626E-06,29,752.913,72.1,1.76329E-06,6.54555E-06,29,483.035,65.7,3.99124E-06,7.52463E-06,29,1685.0281,60.6,2.68152E-06,1.38614E-05,29,9875.67,57.4,1.06849E-06,3.64384E-06,29,598.549,56,2.98397E-06,6.52281E-06,29,433.0876856,71.8,1.05977E-06,1.31412E-06,29,1680,71.01356507,2.88092E-06,8.64277E-06,29,3400,43.7,1.99185E-06,3.44047E-06,29,38.1507,71.9,9.28525E-07,3.75729E-06,29,278.166,88.3,7.14659E-06,2.1004E-05,29,1450.4,57.9,1.69685E-05,1.75787E-05,29,1302,103,0,1.79131E-07,29,309,69,4.87013E-07,8.92857E-07,29,8.4175,38,2.21379E-07,6.95762E-07,29,255,18,,,,,,2.41167E-08,1.92934E-07,29,623,82,4.06076E-07,5.26395E-07,29,709.66,30,9.72039E-06,1.07401E-05,29,485.107,36,,,,,,8.40155E-07,8.8324E-07,29,242.2427,32,1.22449E-06,1.22449E-06,29,51.8,28,,,,,,,,,,,,,,,,,,,,,,,,,,,,,,,,,,,,,,,,,,,,,,,,,,,2.52908E-07,2.52908E-07,29,251.3,18,2.91545E-07,2.91545E-07,29,871,23,1.23675E-06,1.23675E-06,29,109.9,23,,,,,,,,,,
3.85484E-06,1.59516E-05,30,1157.73,51.9,7.47447E-06,1.85701E-05,30,3346.28,57.4,6.4065E-06,1.87317E-05,30,966.07,71,1.94452E-06,7.6225E-06,30,833.98,48.8,3.12012E-07,3.54914E-06,30,147.63,61.7,4.30989E-06,1.1872E-05,30,1605.8,45.6,2.12898E-06,5.20876E-06,30,533.54,52,9.22456E-07,4.20871E-06,30,525.77,68.2,3.67171E-06,1.81425E-05,30,704.48,48,6.0241E-07,4.17671E-06,30,1036,55.8,5.71205E-06,1.25196E-05,30,214.97,66.3,2.32242E-06,1.32964E-05,30,1481.48,63.4,0.000711026,0.001114308,30,798.4,66.5,3.39914E-06,1.50809E-05,30,830.8966667,69.9,1.87811E-06,7.84826E-06,30,2020.2,61.1,4.73451E-06,2.06637E-05,30,674.9,53.7,9.82175E-07,3.38305E-06,30,380.989,61.8,7.0615E-07,2.75626E-06,30,752.913,72.1,1.36254E-06,6.54555E-06,30,483.035,65.7,3.71255E-06,7.52463E-06,30,1685.0281,60.6,2.5165E-06,1.38614E-05,30,9875.67,57.4,8.49315E-07,3.64384E-06,30,598.549,56,2.7127E-06,6.54747E-06,30,433.0876856,71.8,1.10216E-06,1.35651E-06,30,1680,71.01356507,2.30474E-06,8.64277E-06,30,3400,43.7,1.81077E-06,3.44047E-06,30,38.1507,71.9,6.04621E-07,3.75729E-06,30,278.166,89.3,5.90901E-06,2.1004E-05,30,1450.4,57.9,2.41142E-05,2.48228E-05,30,1302,103,5.97104E-08,2.53769E-07,30,309,69,3.24675E-07,9.33442E-07,30,8.4175,38,2.21379E-07,6.95762E-07,30,255,18,,,,,,6.02918E-08,2.29109E-07,30,623,82,4.21116E-07,5.41435E-07,30,709.66,30,1.35197E-05,1.46217E-05,30,485.107,36,,,,,,1.55106E-06,1.59414E-06,30,242.2427,32,1.32653E-06,1.32653E-06,30,51.8,28,,,,,,,,,,,,,,,,,,,,,,,,,,,,,,,,,,,,,,,,,,,,,,,,,,,2.52908E-07,2.52908E-07,30,251.3,18,1.16618E-06,1.16618E-06,30,871,23,1.76678E-06,1.76678E-06,30,109.9,23,,,,,,,,,,
3.19355E-06,1.59516E-05,31,1157.73,51.9,7.28877E-06,1.90344E-05,31,3346.28,57.4,6.04878E-06,1.87317E-05,31,966.07,71,1.78896E-06,7.67436E-06,31,833.98,48.8,3.12012E-07,3.54914E-06,31,147.63,61.7,4.08955E-06,1.1872E-05,31,1605.8,45.6,1.86027E-06,5.20876E-06,31,533.54,52,9.22456E-07,4.20871E-06,31,525.77,68.2,3.67171E-06,1.81425E-05,31,704.48,48,6.15797E-07,4.24364E-06,31,1036,55.8,5.32081E-06,1.25196E-05,31,214.97,66.3,1.97719E-06,1.33068E-05,31,1481.48,63.4,0.000679265,0.001121299,31,798.4,66.5,3.13196E-06,1.50957E-05,31,830.8966667,69.9,1.70398E-06,7.84826E-06,31,2020.2,61.1,3.96018E-06,2.06637E-05,31,674.9,53.7,9.82175E-07,3.38305E-06,31,380.989,61.8,6.37813E-07,2.75626E-06,31,752.913,72.1,1.33583E-06,6.54555E-06,31,483.035,65.7,3.65283E-06,7.52463E-06,31,1685.0281,60.6,2.39274E-06,1.39026E-05,31,9875.67,57.4,7.94521E-07,3.64384E-06,31,598.549,56,2.68804E-06,6.58446E-06,31,433.0876856,71.8,1.10216E-06,1.35651E-06,31,1680,71.01356507,2.30474E-06,8.64277E-06,31,3400,43.7,1.81077E-06,3.44047E-06,31,38.1507,71.9,4.75059E-07,3.75729E-06,31,278.166,90.3,5.49067E-06,2.1004E-05,31,1450.4,57.9,3.06693E-05,3.13976E-05,31,1302,103,7.4638E-08,2.68697E-07,31,309,69,3.24675E-07,9.33442E-07,31,8.4175,38,2.21379E-07,6.95762E-07,31,255,18,,,,,,1.56759E-07,3.25576E-07,31,623,82,4.81275E-07,6.01594E-07,31,709.66,30,1.72533E-05,1.85526E-05,31,485.107,36,,,,,,1.55106E-06,1.59414E-06,31,242.2427,32,1.32653E-06,1.32653E-06,31,51.8,28,,,,,,,,,,,,,,,,,,,,,,,,,,,,,,,,,,,,,,,,,,,,,,,,,,,2.27618E-07,2.27618E-07,31,251.3,18,1.89504E-06,1.89504E-06,31,871,23,1.9788E-06,1.9788E-06,31,109.9,23,,,,,,,,,,
2.46774E-06,1.59677E-05,32,1157.73,51.9,6.77809E-06,1.90344E-05,32,3346.28,57.4,5.46341E-06,1.87317E-05,32,966.07,71,1.60747E-06,7.5188E-07,32,833.98,48.8,2.73011E-07,3.54914E-06,32,147.63,61.7,3.56954E-06,1.18808E-05,32,1605.8,45.6,1.73625E-06,5.20876E-06,32,533.54,52,9.22456E-07,4.20871E-06,32,525.77,68.2,3.34773E-06,1.81425E-05,32,704.48,48,5.08701E-07,4.25703E-06,32,1036,55.8,4.79917E-06,1.25196E-05,32,214.97,66.3,1.48551E-06,1.33068E-05,32,1481.48,63.4,0.000629504,0.001126735,32,798.4,66.5,2.82025E-06,1.50957E-05,32,830.8966667,69.9,1.44279E-06,7.84826E-06,32,2020.2,61.1,3.18584E-06,2.06858E-05,32,674.9,53.7,8.73045E-07,3.38305E-06,32,380.989,61.8,6.15034E-07,2.75626E-06,32,752.913,72.1,1.25568E-06,6.54555E-06,32,483.035,65.7,3.44381E-06,7.52463E-06,32,1685.0281,60.6,2.26898E-06,1.39026E-05,32,9875.67,57.4,6.84932E-07,3.64384E-06,32,598.549,56,2.45376E-06,6.63379E-06,32,433.0876856,71.8,1.14455E-06,1.44129E-06,32,1680,71.01356507,1.98464E-06,8.70679E-06,32,3400,43.7,9.50656E-07,3.44047E-06,32,38.1507,71.9,3.45498E-07,3.75729E-06,32,278.166,91.3,4.39254E-06,2.1004E-05,32,1450.4,57.9,4.52362E-05,4.60039E-05,32,1302,103,3.58262E-07,5.67249E-07,32,309,69,3.24675E-07,9.33442E-07,32,8.4175,38,1.58128E-07,7.90639E-07,32,255,18,,,,,,4.09984E-07,5.78801E-07,32,623,82,6.76794E-07,7.97112E-07,32,709.66,30,2.61349E-05,2.81743E-05,32,485.107,36,,,,,,2.60664E-06,2.67126E-06,32,242.2427,32,1.53061E-06,1.53061E-06,32,51.8,28,,,,,,,,,,,,,,,,,,,,,,,,,,,,,,,,,,,,,,,,,,,,,,,,,,,2.27618E-07,2.27618E-07,32,251.3,18,4.08163E-06,4.08163E-06,32,871,23,2.33216E-06,2.36749E-06,32,109.9,23,,,,,,,,,,
2.03226E-06,1.59677E-05,33,1157.73,51.9,6.12813E-06,1.90808E-05,33,3346.28,57.4,4.81301E-06,1.87317E-05,33,966.07,71,1.40005E-06,7.67436E-06,33,833.98,48.8,2.73011E-07,3.54914E-06,33,147.63,61.7,2.98784E-06,1.18897E-05,33,1605.8,45.6,1.52956E-06,5.20876E-06,33,533.54,52,9.22456E-07,4.20871E-06,33,525.77,68.2,1.72786E-06,1.81425E-05,33,704.48,48,4.14993E-07,4.25703E-06,33,1036,55.8,4.12102E-06,1.25196E-05,33,214.97,66.3,8.26446E-07,1.33068E-05,33,1481.48,63.4,0.000591402,0.001133966,33,798.4,66.5,2.52338E-06,1.51106E-05,33,830.8966667,69.9,1.34328E-06,7.84826E-06,33,2020.2,61.1,2.72124E-06,2.06858E-05,33,674.9,53.7,6.18407E-07,3.38305E-06,33,380.989,61.8,4.10023E-07,2.75626E-06,33,752.913,72.1,9.61795E-07,6.54555E-06,33,483.035,65.7,3.27461E-06,7.52463E-06,33,1685.0281,60.6,1.93894E-06,1.39026E-05,33,9875.67,57.4,5.47945E-07,3.64384E-06,33,598.549,56,2.28113E-06,6.63379E-06,33,433.0876856,71.8,1.22933E-06,1.65324E-06,33,1680,71.01356507,1.53649E-06,8.70679E-06,33,3400,43.7,4.97963E-07,3.44047E-06,33,38.1507,71.9,3.23904E-07,3.75729E-06,33,278.166,92.3,3.27697E-06,2.1004E-05,33,1450.4,57.9,6.11417E-05,6.20079E-05,33,1302,103,8.65801E-07,1.08971E-06,33,309,69,4.05844E-07,1.01461E-06,33,8.4175,38,1.58128E-07,7.90639E-07,33,255,18,,,,,,6.75268E-07,8.68202E-07,33,623,82,1.18815E-06,1.30847E-06,33,709.66,30,3.09704E-05,3.42763E-05,33,485.107,36,,,,,,3.46833E-06,3.5545E-06,33,242.2427,32,3.06122E-06,3.06122E-06,33,51.8,28,,,,,,,,,,,,,,,,,,,,,,,,,,,,,,,,,,,,,,,,,,,,,,,,,,,2.52908E-07,2.52908E-07,33,251.3,18,5.97668E-06,5.97668E-06,33,871,23,2.57951E-06,2.65018E-06,33,109.9,23,,,,,,,,,,
1.75806E-06,1.59677E-05,34,1157.73,51.9,5.98886E-06,1.91736E-05,34,3346.28,57.4,4.1626E-06,1.87317E-05,34,966.07,71,1.27042E-06,7.67436E-06,34,833.98,48.8,1.95008E-07,3.54914E-06,34,147.63,61.7,2.89089E-06,1.18897E-05,34,1605.8,45.6,1.40554E-06,5.20876E-06,34,533.54,52,8.64803E-07,4.20871E-06,34,525.77,68.2,1.51188E-06,1.81425E-05,34,704.48,48,2.40964E-07,4.25703E-06,34,1036,55.8,3.20814E-06,1.25196E-05,34,214.97,66.3,5.33529E-07,1.33068E-05,34,1481.48,63.4,0.000557368,0.001143709,34,798.4,66.5,2.21167E-06,1.51106E-05,34,830.8966667,69.9,1.18159E-06,7.84826E-06,34,2020.2,61.1,2.27876E-06,2.06858E-05,34,674.9,53.7,5.09276E-07,3.38305E-06,34,380.989,61.8,4.10023E-07,2.77904E-06,34,752.913,72.1,9.61795E-07,6.54555E-06,34,483.035,65.7,3.04569E-06,7.54454E-06,34,1685.0281,60.6,1.81518E-06,1.39026E-05,34,9875.67,57.4,4.93151E-07,3.64384E-06,34,598.549,56,2.10851E-06,6.63379E-06,34,433.0876856,71.8,1.27173E-06,1.69563E-06,34,1680,71.01356507,1.40845E-06,8.70679E-06,34,3400,43.7,4.07424E-07,3.44047E-06,34,38.1507,71.9,1.94342E-07,3.75729E-06,34,278.166,93.3,2.75405E-06,2.1004E-05,34,1450.4,57.9,7.25984E-05,7.35433E-05,34,1302,103,1.28377E-06,1.49276E-06,34,309,69,4.87013E-07,1.13636E-06,34,8.4175,38,2.21379E-07,9.17141E-07,34,255,18,,,,,,1.21789E-06,1.41083E-06,34,623,82,1.60926E-06,1.74462E-06,34,709.66,30,3.79441E-05,4.1875E-05,34,485.107,36,,,,,,4.69625E-06,4.80396E-06,34,242.2427,32,5.30612E-06,5.30612E-06,34,51.8,28,,,,,,,,,,,,,,,,,,,,,,,,,,,,,,,,,,,,,,,,,,,,,,,,,,,2.52908E-07,2.52908E-07,34,251.3,18,1.34111E-05,1.34111E-05,34,871,23,5.30035E-06,5.4417E-06,34,109.9,23,,,,,,,,,,
1.27419E-06,1.59677E-05,35,1157.73,51.9,5.75673E-06,1.92201E-05,35,3346.28,57.4,3.90244E-06,1.87317E-05,35,966.07,71,1.24449E-06,7.67436E-06,35,833.98,48.8,1.95008E-07,3.54914E-06,35,147.63,61.7,2.69699E-06,1.18985E-05,35,1605.8,45.6,1.28152E-06,5.20876E-06,35,533.54,52,8.64803E-07,4.20871E-06,35,525.77,68.2,1.2959E-06,1.81425E-05,35,704.48,48,2.40964E-07,4.25703E-06,35,1036,55.8,2.99948E-06,1.25196E-05,35,214.97,66.3,4.60299E-07,1.33068E-05,35,1481.48,63.4,0.000522103,0.00114706,35,798.4,66.5,2.0187E-06,1.51106E-05,35,830.8966667,69.9,1.15672E-06,7.84826E-06,35,2020.2,61.1,1.85841E-06,2.06858E-05,35,674.9,53.7,4.72899E-07,3.38305E-06,35,380.989,61.8,4.10023E-07,2.77904E-06,35,752.913,72.1,7.21347E-07,6.54555E-06,35,483.035,65.7,2.91629E-06,7.54454E-06,35,1685.0281,60.6,1.73267E-06,1.39026E-05,35,9875.67,57.4,4.38356E-07,3.64384E-06,35,598.549,56,1.92355E-06,6.63379E-06,35,433.0876856,71.8,1.18694E-06,1.73802E-06,35,1680,71.01356507,1.40845E-06,8.70679E-06,35,3400,43.7,4.07424E-07,3.44047E-06,35,38.1507,71.9,8.63744E-08,3.75729E-06,35,278.166,94.3,2.56231E-06,2.1004E-05,35,1450.4,57.9,8.07087E-05,8.1811E-05,35,1302,103,1.7316E-06,1.94059E-06,35,309,69,5.68182E-07,1.21753E-06,35,8.4175,38,2.21379E-07,9.17141E-07,35,255,18,,,,,,1.37465E-06,1.56759E-06,35,623,82,2.31614E-06,2.46654E-06,35,709.66,30,4.54112E-05,5.17105E-05,35,485.107,36,,,,,,5.21327E-06,5.34252E-06,35,242.2427,32,9.59184E-06,9.59184E-06,35,51.8,28,,,,,,,,,,,,,,,,,,,,,,,,,,,,,,,,,,,,,,,,,,,,,,,,,,,2.52908E-07,2.52908E-07,35,251.3,18,1.38484E-05,1.38484E-05,35,871,23,,,,,,,,,,,,,,,
9.35484E-07,1.59677E-05,36,1157.73,51.9,5.47818E-06,1.92201E-05,36,3346.28,57.4,3.28455E-06,1.87317E-05,36,966.07,71,9.85222E-07,7.67436E-06,36,833.98,48.8,1.56006E-07,3.54914E-06,36,147.63,61.7,2.20342E-06,1.18985E-05,36,1605.8,45.6,9.92146E-07,5.20876E-06,36,533.54,52,8.64803E-07,4.20871E-06,36,525.77,68.2,1.2959E-06,1.81425E-05,36,704.48,48,1.60643E-07,4.25703E-06,36,1036,55.8,2.76474E-06,1.25196E-05,36,214.97,66.3,2.3015E-07,1.33068E-05,36,1481.48,63.4,0.000481778,0.001149009,36,798.4,66.5,1.6773E-06,1.51106E-05,36,830.8966667,69.9,9.32836E-07,7.84826E-06,36,2020.2,61.1,1.41593E-06,2.06858E-05,36,674.9,53.7,3.27392E-07,3.38305E-06,36,380.989,61.8,4.55581E-07,2.84738E-06,36,752.913,72.1,7.48063E-07,6.54555E-06,36,483.035,65.7,2.39873E-06,7.54454E-06,36,1685.0281,60.6,1.69142E-06,1.39439E-05,36,9875.67,57.4,3.56164E-07,3.64384E-06,36,598.549,56,1.76326E-06,6.63379E-06,36,433.0876856,71.8,1.22933E-06,1.78042E-06,36,1680,71.01356507,9.60307E-07,8.70679E-06,36,3400,43.7,2.26347E-07,3.44047E-06,36,38.1507,71.9,6.47808E-08,3.75729E-06,36,278.166,95.3,2.03939E-06,2.11435E-05,36,1450.4,57.9,0.000100807,0.000102087,36,1302,103,2.62726E-06,2.85117E-06,36,309,69,8.92857E-07,1.54221E-06,36,8.4175,38,4.42758E-07,1.13852E-06,36,255,18,,,,,,2.07404E-06,2.26697E-06,36,623,82,3.80508E-06,4.10588E-06,36,709.66,30,5.53454E-05,6.45888E-05,36,485.107,36,,,,,,8.38001E-06,8.61698E-06,36,242.2427,32,1.39796E-05,1.39796E-05,36,51.8,28,,,,,,,,,,,,,,,,,,,,,,,,,,,,,,,,,,,,,,,,,,,,,,,,,,,4.80526E-07,5.31108E-07,36,251.3,18,1.57434E-05,1.57434E-05,36,871,23,,,,,,,,,,,,,,,
3.87097E-07,1.59677E-05,37,1157.73,51.9,5.3389E-06,1.93593E-05,37,3346.28,57.4,2.60163E-06,1.87317E-05,37,966.07,71,8.55587E-07,7.67436E-06,37,833.98,48.8,1.17005E-07,3.54914E-06,37,147.63,61.7,1.84206E-06,1.18985E-05,37,1605.8,45.6,7.85449E-07,5.20876E-06,37,533.54,52,8.64803E-07,4.20871E-06,37,525.77,68.2,6.47948E-07,1.81425E-05,37,704.48,48,1.47256E-07,4.25703E-06,37,1036,55.8,2.47783E-06,1.25196E-05,37,214.97,66.3,1.46459E-07,1.33068E-05,37,1481.48,63.4,0.000442769,0.001150974,37,798.4,66.5,1.49918E-06,1.51106E-05,37,830.8966667,69.9,7.71144E-07,7.84826E-06,37,2020.2,61.1,1.10619E-06,2.06858E-05,37,674.9,53.7,2.18261E-07,3.38305E-06,37,380.989,61.8,4.10023E-07,2.84738E-06,37,752.913,72.1,5.61047E-07,6.54555E-06,37,483.035,65.7,2.35891E-06,7.54454E-06,37,1685.0281,60.6,1.5264E-06,1.39439E-05,37,9875.67,57.4,2.46575E-07,3.64384E-06,37,598.549,56,1.65228E-06,6.63379E-06,37,433.0876856,71.8,1.22933E-06,1.78042E-06,37,1680,71.01356507,5.76184E-07,8.70679E-06,37,3400,43.7,2.26347E-07,3.44047E-06,37,38.1507,71.9,6.47808E-08,3.75729E-06,37,278.166,96.3,1.49904E-06,2.11435E-05,37,1450.4,57.9,0.000109331,0.00011065,37,1302,103,2.92581E-06,3.16465E-06,37,309,69,8.92857E-07,1.78571E-06,37,8.4175,38,8.85515E-07,1.58128E-06,37,255,18,,,,,,2.70107E-06,2.89401E-06,37,623,82,4.48188E-06,4.79771E-06,37,709.66,30,6.51316E-05,7.69737E-05,37,485.107,36,,,,,,1.2193E-05,1.32055E-05,37,242.2427,32,2.07143E-05,2.07143E-05,37,51.8,28,,,,,,,,,,,,,,,,,,,,,,,,,,,,,,,,,,,,,,,,,,,,,,,,,,,5.56399E-07,6.0698E-07,37,251.3,18,1.793E-05,1.793E-05,37,871,23,,,,,,,,,,,,,,,
3.3871E-07,1.59677E-05,38,1157.73,51.9,5.24605E-06,1.94058E-05,38,3346.28,57.4,2.21138E-06,1.87317E-05,38,966.07,71,5.70391E-07,7.67436E-06,38,833.98,48.8,7.80031E-08,3.54914E-06,38,147.63,61.7,1.55121E-06,1.19073E-05,38,1605.8,45.6,7.64779E-07,5.20876E-06,38,533.54,52,8.64803E-07,4.20871E-06,38,525.77,68.2,4.31965E-07,1.81425E-05,38,704.48,48,1.20482E-07,4.25703E-06,38,1036,55.8,2.32134E-06,1.25456E-05,38,214.97,66.3,1.15075E-07,1.33068E-05,38,1481.48,63.4,0.000408513,0.001153265,38,798.4,66.5,1.14294E-06,1.51106E-05,38,830.8966667,69.9,6.34328E-07,7.84826E-06,38,2020.2,61.1,7.30088E-07,2.06858E-05,38,674.9,53.7,1.81884E-07,3.38305E-06,38,380.989,61.8,4.10023E-07,2.84738E-06,38,752.913,72.1,4.80898E-07,6.54555E-06,38,483.035,65.7,1.74181E-06,7.54454E-06,38,1685.0281,60.6,1.36139E-06,1.39851E-05,38,9875.67,57.4,2.46575E-07,3.64384E-06,38,598.549,56,1.39334E-06,6.64612E-06,38,433.0876856,71.8,1.22933E-06,1.78042E-06,38,1680,71.01356507,3.20102E-07,8.70679E-06,38,3400,43.7,1.35808E-07,3.44047E-06,38,38.1507,71.9,6.47808E-08,3.75729E-06,38,278.166,97.3,1.39446E-06,2.11783E-05,38,1450.4,57.9,0.000117303,0.000119843,38,1302,103,4.01552E-06,4.25437E-06,38,309,69,1.17695E-06,2.15097E-06,38,8.4175,38,8.85515E-07,1.58128E-06,38,255,18,,,,,,4.02749E-06,4.23249E-06,38,623,82,4.48188E-06,4.82779E-06,38,709.66,30,8.53618E-05,9.88816E-05,38,485.107,36,,,,,,2.12839E-05,2.25334E-05,38,242.2427,32,2.53061E-05,2.53061E-05,38,51.8,28,,,,,,,,,,,,,,,,,,,,,,,,,,,,,,,,,,,,,,,,,,,,,,,,,,,5.56399E-07,6.0698E-07,38,251.3,18,2.01166E-05,2.01166E-05,38,871,23,,,,,,,,,,,,,,,
1.77419E-07,1.59677E-05,39,1157.73,51.9,5.38533E-06,1.95915E-05,39,3346.28,57.4,1.85366E-06,1.87317E-05,39,966.07,71,4.40757E-07,7.67436E-06,39,833.98,48.8,5.0702E-07,3.97816E-06,39,147.63,61.7,1.18103E-06,1.19073E-05,39,1605.8,45.6,6.821E-07,5.20876E-06,39,533.54,52,8.64803E-07,4.20871E-06,39,525.77,68.2,4.31965E-07,1.81425E-05,39,704.48,48,9.37082E-08,4.25703E-06,39,1036,55.8,2.29525E-06,1.25456E-05,39,214.97,66.3,8.36908E-08,1.33068E-05,39,1481.48,63.4,0.000386444,0.001155419,39,798.4,66.5,8.90604E-07,1.51106E-05,39,830.8966667,69.9,5.34826E-07,7.84826E-06,39,2020.2,61.1,5.75221E-07,2.06858E-05,39,674.9,53.7,1.09131E-07,3.38305E-06,39,380.989,61.8,4.10023E-07,2.84738E-06,39,752.913,72.1,4.80898E-07,6.54555E-06,39,483.035,65.7,1.33373E-06,7.54454E-06,39,1685.0281,60.6,1.36139E-06,1.41089E-05,39,9875.67,57.4,1.91781E-07,3.64384E-06,39,598.549,56,1.31936E-06,6.64612E-06,39,433.0876856,71.8,1.35651E-06,1.90759E-06,39,1680,71.01356507,3.20102E-07,8.70679E-06,39,3400,43.7,9.05387E-08,3.44047E-06,39,38.1507,71.9,4.31872E-08,3.75729E-06,39,278.166,98.3,1.04584E-06,2.11783E-05,39,1450.4,57.9,0.000126811,0.000129783,39,1302,103,6.03075E-06,6.31438E-06,39,309,69,1.58279E-06,2.55682E-06,39,8.4175,38,1.04364E-06,1.73941E-06,39,255,18,,,,,,6.60798E-06,6.81297E-06,39,623,82,5.39931E-06,5.76026E-06,39,709.66,30,0.000105855,0.000122105,39,485.107,36,,,,,,2.51831E-05,2.65187E-05,39,242.2427,32,2.65306E-05,2.65306E-05,39,51.8,28,,,,,,,,,,,,,,,,,,,,,,,,,,,,,,,,,,,,,,,,,,,,,,,,,,,1.41629E-06,1.59332E-06,39,251.3,18,2.87172E-05,2.87172E-05,39,871,23,,,,,,,,,,,,,,,
8.06452E-08,1.59677E-05,40,1157.73,51.9,5.3389E-06,1.97772E-05,40,3346.28,57.4,1.62602E-06,1.87317E-05,40,966.07,71,2.85196E-07,7.67436E-06,40,833.98,48.8,1.17005E-06,4.64119E-06,40,147.63,61.7,9.78318E-07,1.19161E-05,40,1605.8,45.6,6.40761E-07,5.20876E-06,40,533.54,52,8.35976E-07,4.20871E-06,40,525.77,68.2,4.31965E-07,1.81425E-05,40,704.48,48,9.37082E-08,4.25703E-06,40,1036,55.8,1.69536E-06,1.25456E-05,40,214.97,66.3,6.27681E-08,1.33068E-05,40,1481.48,63.4,0.000363043,0.001156684,40,798.4,66.5,8.01544E-07,1.51106E-05,40,830.8966667,69.9,3.60697E-07,7.84826E-06,40,2020.2,61.1,3.9823E-07,2.06858E-05,40,674.9,53.7,7.27537E-08,3.38305E-06,40,380.989,61.8,4.10023E-07,2.84738E-06,40,752.913,72.1,4.80898E-07,6.54555E-06,40,483.035,65.7,1.25411E-06,7.54454E-06,40,1685.0281,60.6,1.07261E-06,1.41089E-05,40,9875.67,57.4,1.91781E-07,3.64384E-06,40,598.549,56,1.08508E-06,6.64612E-06,40,433.0876856,71.8,1.31412E-06,1.90759E-06,40,1680,71.01356507,3.20102E-07,8.70679E-06,40,3400,43.7,4.52694E-08,3.44047E-06,40,38.1507,71.9,4.31872E-08,3.75729E-06,40,278.166,99.3,8.54105E-07,2.11783E-05,40,1450.4,57.9,0.000129941,0.000133209,40,1302,103,9.43424E-06,9.74772E-06,40,309,69,1.70455E-06,2.67857E-06,40,8.4175,38,1.89753E-06,2.62492E-06,40,255,18,,,,,,7.87411E-06,8.0791E-06,40,623,82,8.4524E-06,8.87351E-06,40,709.66,30,0.000132122,0.000151645,40,485.107,36,,,,,,3.50711E-05,3.65144E-05,40,242.2427,32,3.61224E-05,3.62245E-05,40,51.8,28,,,,,,,,,,,,,,,,,,,,,,,,,,,,,,,,,,,,,,,,,,,,,,,,,,,1.82094E-06,1.99798E-06,40,251.3,18,3.17784E-05,3.17784E-05,40,871,23,,,,,,,,,,,,,,,
0,1.59677E-05,41,1157.73,51.9,5.19963E-06,1.987E-05,41,3346.28,57.4,1.43089E-06,1.87317E-05,41,966.07,71,0,7.67436E-06,41,833.98,48.8,1.36505E-06,4.83619E-06,41,147.63,61.7,8.02045E-07,1.19161E-05,41,1605.8,45.6,5.58082E-07,5.20876E-06,41,533.54,52,7.78322E-07,4.20871E-06,41,525.77,68.2,3.23974E-07,1.81425E-05,41,704.48,48,6.69344E-08,4.25703E-06,41,1036,55.8,1.3302E-06,1.25456E-05,41,214.97,66.3,2.09227E-08,1.33068E-05,41,1481.48,63.4,0.000333983,0.001157385,41,798.4,66.5,6.82796E-07,1.51106E-05,41,830.8966667,69.9,2.48756E-07,7.84826E-06,41,2020.2,61.1,3.31858E-07,2.06858E-05,41,674.9,53.7,7.27537E-08,3.38305E-06,41,380.989,61.8,3.41686E-07,2.84738E-06,41,752.913,72.1,4.54181E-07,6.54555E-06,41,483.035,65.7,1.09485E-06,7.54454E-06,41,1685.0281,60.6,1.03135E-06,1.41089E-05,41,9875.67,57.4,1.91781E-07,3.64384E-06,41,598.549,56,9.00123E-07,6.64612E-06,41,433.0876856,71.8,1.22933E-06,1.90759E-06,41,1680,71.01356507,2.56082E-07,8.70679E-06,41,3400,43.7,0,3.44047E-06,41,38.1507,71.9,4.31872E-08,3.75729E-06,41,278.166,100.3,7.14659E-07,2.11783E-05,41,1450.4,57.9,0.000140413,0.000143957,41,1302,103,1.37483E-05,1.41663E-05,41,309,69,2.06981E-06,3.08442E-06,41,8.4175,38,2.37192E-06,3.13093E-06,41,255,18,,,,,,1.11058E-05,1.13228E-05,41,623,82,8.54264E-06,8.96375E-06,41,709.66,30,0.000142237,0.000169128,41,485.107,36,,,,,,5.8617E-05,6.3938E-05,41,242.2427,32,6.45918E-05,6.47959E-05,41,51.8,28,,,,,,,,,,,,,,,,,,,,,,,,,,,,,,,,,,,,,,,,,,,,,,,,,,,2.40263E-06,2.57967E-06,41,251.3,18,4.78134E-05,4.78134E-05,41,871,23,,,,,,,,,,,,,,,
0,1.59677E-05,42,1157.73,51.9,4.87465E-06,1.987E-05,42,3346.28,57.4,1.39837E-06,1.87317E-05,42,966.07,71,0,7.67436E-06,42,833.98,48.8,1.32605E-06,4.83619E-06,42,147.63,61.7,7.49163E-07,1.19249E-05,42,1605.8,45.6,4.13394E-07,5.20876E-06,42,533.54,52,6.05362E-07,4.20871E-06,42,525.77,68.2,3.23974E-07,1.81425E-05,42,704.48,48,6.69344E-08,4.25703E-06,42,1036,55.8,1.01721E-06,1.25456E-05,42,214.97,66.3,3.1384E-08,1.33068E-05,42,1481.48,63.4,0.000310803,0.001158,42,798.4,66.5,5.19519E-07,1.51106E-05,42,830.8966667,69.9,1.24378E-07,7.84826E-06,42,2020.2,61.1,2.43363E-07,2.06858E-05,42,674.9,53.7,7.27537E-08,3.38305E-06,42,380.989,61.8,3.41686E-07,2.84738E-06,42,752.913,72.1,4.54181E-07,6.54555E-06,42,483.035,65.7,5.27521E-07,7.54454E-06,42,1685.0281,60.6,9.90099E-07,1.41089E-05,42,9875.67,57.4,1.64384E-07,3.64384E-06,42,598.549,56,8.75462E-07,6.64612E-06,42,433.0876856,71.8,1.22933E-06,1.90759E-06,42,1680,71.01356507,1.92061E-07,8.70679E-06,42,3400,43.7,0,3.44047E-06,42,38.1507,71.9,4.31872E-08,3.75729E-06,42,278.166,101.3,4.53199E-07,2.11783E-05,42,1450.4,57.9,0.000142894,0.000147205,42,1302,103,1.75549E-05,1.80475E-05,42,309,69,2.3539E-06,3.36851E-06,42,8.4175,38,2.94118E-06,3.70019E-06,42,255,18,,,,,,1.36621E-05,1.38792E-05,42,623,82,1.15957E-05,1.20469E-05,42,709.66,30,0.000174178,0.000204967,42,485.107,36,,,,,,6.18699E-05,6.78156E-05,42,242.2427,32,6.9898E-05,7.0102E-05,42,51.8,28,,,,,,,,,,,,,,,,,,,,,,,,,,,,,,,,,,,,,,,,,,,,,,,,,,,2.70612E-06,2.88316E-06,42,251.3,18,,,,,,,,,,,,,,,,,,,,
0,1.59677E-05,43,1157.73,51.9,4.64253E-06,1.99164E-05,43,3346.28,57.4,9.10569E-07,1.87317E-05,43,966.07,71,0,7.67436E-06,43,833.98,48.8,1.32605E-06,4.83619E-06,43,147.63,61.7,6.34585E-07,1.19249E-05,43,1605.8,45.6,3.30715E-07,5.20876E-06,43,533.54,52,4.32401E-07,4.20871E-06,43,525.77,68.2,2.15983E-07,1.81425E-05,43,704.48,48,6.69344E-08,4.25703E-06,43,1036,55.8,8.86802E-07,1.25456E-05,43,214.97,66.3,3.1384E-08,1.33068E-05,43,1481.48,63.4,0.000289778,0.001158291,43,798.4,66.5,3.71085E-07,1.51106E-05,43,830.8966667,69.9,4.97512E-08,7.84826E-06,43,2020.2,61.1,1.54867E-07,2.06858E-05,43,674.9,53.7,3.63769E-08,3.38305E-06,43,380.989,61.8,2.96128E-07,2.84738E-06,43,752.913,72.1,4.54181E-07,6.54555E-06,43,483.035,65.7,3.28456E-07,7.54454E-06,43,1685.0281,60.6,9.07591E-07,1.41914E-05,43,9875.67,57.4,1.36986E-07,3.64384E-06,43,598.549,56,7.52158E-07,6.64612E-06,43,433.0876856,71.8,1.31412E-06,1.99237E-06,43,1680,71.01356507,1.92061E-07,8.70679E-06,43,3400,43.7,0,3.44047E-06,43,38.1507,71.9,4.31872E-08,3.75729E-06,43,278.166,102.3,2.61461E-07,2.11783E-05,43,1450.4,57.9,0.000141929,0.000147933,43,1302,103,2.05255E-05,2.10778E-05,43,309,69,3.08442E-06,4.09903E-06,43,8.4175,38,2.90955E-06,3.70019E-06,43,255,18,,,,,,1.45183E-05,1.47594E-05,43,623,82,1.6619E-05,1.72206E-05,43,709.66,30,0.000215641,0.000253043,43,485.107,36,,,,,,0.000105687,0.00011271,43,242.2427,32,8.28571E-05,8.30612E-05,43,51.8,28,,,,,,,,,,,,,,,,,,,,,,,,,,,,,,,,,,,,,,,,,,,,,,,,,,,2.68083E-06,2.88316E-06,43,251.3,18,,,,,,,,,,,,,,,,,,,,
0,1.59677E-05,44,1157.73,51.9,4.68895E-06,2.0195E-05,44,3346.28,57.4,6.82927E-07,1.87317E-05,44,966.07,71,0,7.67436E-06,44,833.98,48.8,1.36505E-06,4.8752E-06,44,147.63,61.7,5.55262E-07,1.19249E-05,44,1605.8,45.6,2.68706E-07,5.20876E-06,44,533.54,52,3.17094E-07,4.20871E-06,44,525.77,68.2,3.23974E-07,1.81425E-05,44,704.48,48,6.69344E-08,4.25703E-06,44,1036,55.8,8.86802E-07,1.25717E-05,44,214.97,66.3,2.09227E-08,1.33173E-05,44,1481.48,63.4,0.000267778,0.001158513,44,798.4,66.5,2.82025E-07,1.51106E-05,44,830.8966667,69.9,4.97512E-08,7.84826E-06,44,2020.2,61.1,4.42478E-08,2.06858E-05,44,674.9,53.7,3.63769E-08,3.38305E-06,44,380.989,61.8,2.96128E-07,2.84738E-06,44,752.913,72.1,3.20598E-07,6.54555E-06,44,483.035,65.7,2.7869E-07,7.55449E-06,44,1685.0281,60.6,8.66337E-07,1.41914E-05,44,9875.67,57.4,5.47945E-08,3.64384E-06,44,598.549,56,6.28853E-07,6.64612E-06,44,433.0876856,71.8,1.27173E-06,2.03476E-06,44,1680,71.01356507,1.28041E-07,8.70679E-06,44,3400,43.7,0,3.44047E-06,44,38.1507,71.9,4.31872E-08,3.75729E-06,44,278.166,103.3,1.22015E-07,2.11783E-05,44,1450.4,57.9,0.000145787,0.000152657,44,1302,103,2.59591E-05,2.66308E-05,44,309,69,3.73377E-06,4.74838E-06,44,8.4175,38,3.28906E-06,4.0797E-06,44,255,18,,,,,,1.86302E-05,1.88713E-05,44,623,82,2.81997E-05,2.93277E-05,44,709.66,30,0.00024597,0.000290461,44,485.107,36,,,,,,0.000121219,0.000137721,44,242.2427,32,9.77551E-05,9.80612E-05,44,51.8,28,,,,,,,,,,,,,,,,,,,,,,,,,,,,,,,,,,,,,,,,,,,,,,,,,,,3.79363E-06,4.02124E-06,44,251.3,18,,,,,,,,,,,,,,,,,,,,
0,1.59677E-05,45,1157.73,51.9,4.31755E-06,2.0195E-05,45,3346.28,57.4,5.20325E-07,1.87317E-05,45,966.07,71,0,7.67436E-06,45,833.98,48.8,1.44306E-06,4.9532E-06,45,147.63,61.7,5.20007E-07,1.19513E-05,45,1605.8,45.6,1.24018E-07,5.20876E-06,45,533.54,52,2.01787E-07,4.20871E-06,45,525.77,68.2,2.15983E-07,1.81425E-05,45,704.48,48,2.67738E-08,4.25703E-06,45,1036,55.8,7.30308E-07,1.25717E-05,45,214.97,66.3,2.09227E-08,1.33173E-05,45,1481.48,63.4,0.000246308,0.00115865,45,798.4,66.5,2.37494E-07,1.51106E-05,45,830.8966667,69.9,2.48756E-08,7.84826E-06,45,2020.2,61.1,0,2.06858E-05,45,674.9,53.7,0,3.38305E-06,45,380.989,61.8,2.73349E-07,2.84738E-06,45,752.913,72.1,2.93882E-07,6.54555E-06,45,483.035,65.7,1.99064E-07,7.56445E-06,45,1685.0281,60.6,8.25083E-07,1.41914E-05,45,9875.67,57.4,2.73973E-08,3.64384E-06,45,598.549,56,4.68557E-07,6.64612E-06,45,433.0876856,71.8,1.31412E-06,2.07715E-06,45,1680,71.01356507,6.40205E-08,8.70679E-06,45,3400,43.7,0,3.44047E-06,45,38.1507,71.9,4.31872E-08,3.75729E-06,45,278.166,104.3,1.04584E-07,2.11957E-05,45,1450.4,57.9,0.000147047,0.000154902,45,1302,103,3.3199E-05,3.40946E-05,45,309,69,5.27597E-06,6.45292E-06,45,8.4175,38,3.98482E-06,4.99684E-06,45,255,18,,,,,,2.47196E-05,2.50573E-05,45,623,82,3.81411E-05,3.94947E-05,45,709.66,30,0.000291941,0.000347977,45,485.107,36,,,,,,0.000217923,0.000240801,45,242.2427,32,0.00010398,0.000104388,45,51.8,28,,,,,,,,,,,,,,,,,,,,,,,,,,,,,,,,,,,,,,,,,,,,,,,,,,,3.94537E-06,4.19828E-06,45,251.3,18,,,,,,,,,,,,,,,,,,,,
0,1.59677E-05,46,1157.73,51.9,3.99257E-06,2.02414E-05,46,3346.28,57.4,1.95122E-07,1.87317E-05,46,966.07,71,0,7.67436E-06,46,833.98,48.8,1.44306E-06,4.9532E-06,46,147.63,61.7,4.58311E-07,1.19513E-05,46,1605.8,45.6,1.44688E-07,5.20876E-06,46,533.54,52,1.15307E-07,4.20871E-06,46,525.77,68.2,2.15983E-07,1.81425E-05,46,704.48,48,2.67738E-08,4.25703E-06,46,1036,55.8,5.99896E-07,1.25717E-05,46,214.97,66.3,2.09227E-08,1.33173E-05,46,1481.48,63.4,0.000225111,0.001158735,46,798.4,66.5,1.48434E-07,1.51106E-05,46,830.8966667,69.9,0,7.84826E-06,46,2020.2,61.1,0,2.06858E-05,46,674.9,53.7,3.63769E-08,3.38305E-06,46,380.989,61.8,2.73349E-07,2.84738E-06,46,752.913,72.1,2.93882E-07,6.54555E-06,46,483.035,65.7,1.39345E-07,7.56445E-06,46,1685.0281,60.6,7.83828E-07,1.42739E-05,46,9875.67,57.4,2.73973E-08,3.64384E-06,46,598.549,56,4.19236E-07,6.64612E-06,46,433.0876856,71.8,1.18694E-06,2.07715E-06,46,1680,71.01356507,6.40205E-08,8.70679E-06,46,3400,43.7,0,3.44047E-06,46,38.1507,71.9,4.31872E-08,3.75729E-06,46,278.166,105.3,8.71536E-08,2.11783E-05,46,1450.4,57.9,0.00014565,0.000157067,46,1302,103,4.18421E-05,4.29318E-05,46,309,69,5.27597E-06,6.45292E-06,46,8.4175,38,3.98482E-06,4.99684E-06,46,255,18,,,,,,3.28108E-05,3.32087E-05,46,623,82,4.6022E-05,4.91653E-05,46,709.66,30,0.00037949,0.000460197,46,485.107,36,,,,,,0.000259306,0.000295476,46,242.2427,32,0.000120612,0.000121531,46,51.8,28,,,,,,,,,,,,,,,,,,,,,,,,,,,,,,,,,,,,,,,,,,,,,,,,,,,4.75468E-06,5.00759E-06,46,251.3,18,,,,,,,,,,,,,,,,,,,,
0,1.59677E-05,47,1157.73,51.9,3.71402E-06,2.02878E-05,47,3346.28,57.4,1.30081E-07,1.87317E-05,47,966.07,71,0,7.67436E-06,47,833.98,48.8,1.48206E-06,5.0312E-06,47,147.63,61.7,4.3187E-07,1.19513E-05,47,1605.8,45.6,1.44688E-07,5.20876E-06,47,533.54,52,2.88268E-08,4.20871E-06,47,525.77,68.2,2.15983E-07,1.81425E-05,47,704.48,48,2.67738E-08,4.25703E-06,47,1036,55.8,5.73813E-07,1.25717E-05,47,214.97,66.3,1.04613E-08,1.33173E-05,47,1481.48,63.4,0.000201231,0.001158803,47,798.4,66.5,0,1.51106E-05,47,830.8966667,69.9,1.24378E-08,7.84826E-06,47,2020.2,61.1,0,2.06858E-05,47,674.9,53.7,3.63769E-08,3.38305E-06,47,380.989,61.8,2.50569E-07,2.84738E-06,47,752.913,72.1,2.93882E-07,6.54555E-06,47,483.035,65.7,1.19439E-07,7.56445E-06,47,1685.0281,60.6,1.03135E-06,1.45215E-05,47,9875.67,57.4,0,3.64384E-06,47,598.549,56,3.08261E-07,6.64612E-06,47,433.0876856,71.8,1.35651E-06,2.24671E-06,47,1680,71.01356507,6.40205E-08,8.70679E-06,47,3400,43.7,0,3.44047E-06,47,38.1507,71.9,4.31872E-08,3.75729E-06,47,278.166,106.3,2.61461E-07,2.13875E-05,47,1450.4,57.9,0.000143701,0.000159173,47,1302,103,5.30975E-05,5.47395E-05,47,309,69,6.93994E-06,8.11688E-06,47,8.4175,38,5.21822E-06,6.23023E-06,47,255,18,,,,,,4.41818E-05,4.4833E-05,47,623,82,,,,,,0.000428651,0.000518191,47,485.107,36,,,,,,0.000329578,0.000369388,47,242.2427,32,0.000142551,0.000145204,47,51.8,28,,,,,,,,,,,,,,,,,,,,,,,,,,,,,,,,,,,,,,,,,,,,,,,,,,,5.96864E-06,6.24684E-06,47,251.3,18,,,,,,,,,,,,,,,,,,,,
0,1.59677E-05,48,1157.73,51.9,3.76045E-06,2.052E-05,48,3346.28,57.4,0,1.87317E-05,48,966.07,71,0,7.67436E-06,48,833.98,48.8,1.52106E-06,5.14821E-06,48,147.63,61.7,4.05429E-07,1.19602E-05,48,1605.8,45.6,1.44688E-07,5.20876E-06,48,533.54,52,2.88268E-08,4.20871E-06,48,525.77,68.2,2.15983E-07,1.81425E-05,48,704.48,48,2.67738E-08,4.25703E-06,48,1036,55.8,4.17319E-07,1.25717E-05,48,214.97,66.3,1.04613E-08,1.33173E-05,48,1481.48,63.4,0.000178291,0.001158872,48,798.4,66.5,0,1.51106E-05,48,830.8966667,69.9,0,7.84826E-06,48,2020.2,61.1,0,2.06858E-05,48,674.9,53.7,3.63769E-08,3.38305E-06,48,380.989,61.8,2.2779E-07,2.84738E-06,48,752.913,72.1,2.93882E-07,6.54555E-06,48,483.035,65.7,1.19439E-07,7.56445E-06,48,1685.0281,60.6,1.07261E-06,1.45627E-05,48,9875.67,57.4,0,3.64384E-06,48,598.549,56,2.5894E-07,6.64612E-06,48,433.0876856,71.8,1.61085E-06,2.50106E-06,48,1680,71.01356507,6.40205E-08,8.70679E-06,48,3400,43.7,0,3.44047E-06,48,38.1507,71.9,0,3.75729E-06,48,278.166,107.3,3.31184E-07,2.14572E-05,48,1450.4,57.9,0.000142776,0.000160669,48,1302,103,6.5353E-05,6.71742E-05,48,309,69,9.82143E-06,1.1039E-05,48,8.4175,38,6.41999E-06,7.52688E-06,48,255,18,,,,,,5.46244E-05,5.52876E-05,48,623,82,,,,,,0.000545888,0.000674918,48,485.107,36,,,,,,,,,,,,,,,,,,,,,,,,,,,,,,,,,,,,,,,,,,,,,,,,,,,,,,,,,,,,,,,,,,5.94335E-06,6.24684E-06,48,251.3,18,,,,,,,,,,,,,,,,,,,,
0,1.59677E-05,49,1157.73,51.9,3.6676E-06,2.11699E-05,49,3346.28,57.4,0,1.87317E-05,49,966.07,71,0,7.67436E-06,49,833.98,48.8,1.56006E-06,5.18721E-06,49,147.63,61.7,4.3187E-07,1.20219E-05,49,1605.8,45.6,2.06697E-08,5.22943E-06,49,533.54,52,0,4.20871E-06,49,525.77,68.2,1.07991E-07,1.81425E-05,49,704.48,48,2.67738E-08,4.25703E-06,49,1036,55.8,3.39071E-07,1.25717E-05,49,214.97,66.3,1.04613E-08,1.33173E-05,49,1481.48,63.4,0.000148427,0.001158957,49,798.4,66.5,0,1.51106E-05,49,830.8966667,69.9,0,7.84826E-06,49,2020.2,61.1,0,2.06858E-05,49,674.9,53.7,0,3.38305E-06,49,380.989,61.8,9.11162E-08,2.84738E-06,49,752.913,72.1,1.87016E-07,6.57227E-06,49,483.035,65.7,7.96258E-08,7.5744E-06,49,1685.0281,60.6,1.23762E-06,1.4769E-05,49,9875.67,57.4,0,3.64384E-06,49,598.549,56,1.97287E-07,6.64612E-06,49,433.0876856,71.8,2.28911E-06,3.26409E-06,49,1680,71.01356507,0,8.70679E-06,49,3400,43.7,0,3.44047E-06,49,38.1507,71.9,4.31872E-08,3.80048E-06,49,278.166,108.3,2.61461E-07,2.14746E-05,49,1450.4,57.9,0.000134567,0.00016378,49,1302,103,9.65965E-05,9.92685E-05,49,309,69,1.68831E-05,1.82224E-05,49,8.4175,38,1.96711E-05,2.1284E-05,49,255,18,,,,,,8.69408E-05,8.76884E-05,49,623,82,,,,,,,,,,,,,,,,,,,,,,,,,,,,,,,,,,,,,,,,,,,,,,,,,,,,,,,,,,,,,,,,,,,,,,,,,,,,1.00405E-05,1.04198E-05,49,251.3,18,,,,,,,,,,,,,,,,,,,,
0,1.59677E-05,50,1157.73,51.9,3.8533E-06,2.17734E-05,50,3346.28,57.4,0,1.87317E-05,50,966.07,71,0,7.67436E-06,50,833.98,48.8,1.56006E-06,5.18721E-06,50,147.63,61.7,4.23057E-07,1.20747E-05,50,1605.8,45.6,0,5.22943E-06,50,533.54,52,0,4.20871E-06,50,525.77,68.2,1.07991E-07,1.81425E-05,50,704.48,48,2.67738E-08,4.25703E-06,50,1036,55.8,1.56495E-07,1.25717E-05,50,214.97,66.3,1.04613E-08,1.33173E-05,50,1481.48,63.4,0.000132205,0.001158974,50,798.4,66.5,0,1.51106E-05,50,830.8966667,69.9,0,7.84826E-06,50,2020.2,61.1,0,2.06858E-05,50,674.9,53.7,0,3.38305E-06,50,380.989,61.8,4.55581E-08,2.84738E-06,50,752.913,72.1,1.60299E-07,6.57227E-06,50,483.035,65.7,7.96258E-08,7.5744E-06,50,1685.0281,60.6,1.32013E-06,1.48927E-05,50,9875.67,57.4,0,3.64384E-06,50,598.549,56,1.47965E-07,6.65845E-06,50,433.0876856,71.8,3.26409E-06,4.23908E-06,50,1680,71.01356507,0,8.70679E-06,50,3400,43.7,0,3.44047E-06,50,38.1507,71.9,4.31872E-08,3.80048E-06,50,278.166,109.3,2.4403E-07,2.14746E-05,50,1450.4,57.9,0.000133504,0.00016561,50,1302,103,0.000103792,0.00011539,50,309,69,2.12256E-05,2.25649E-05,50,8.4175,38,2.30234E-05,2.49842E-05,50,255,18,,,,,,0.000120379,0.000121572,50,623,82,,,,,,,,,,,,,,,,,,,,,,,,,,,,,,,,,,,,,,,,,,,,,,,,,,,,,,,,,,,,,,,,,,,,,,,,,,,,1.78048E-05,1.82853E-05,50,251.3,18,,,,,,,,,,,,,,,,,,,,
0,1.59677E-05,51,1157.73,51.9,4.27112E-06,2.22841E-05,51,3346.28,57.4,0,1.87317E-05,51,966.07,71,0,7.67436E-06,51,833.98,48.8,1.32605E-06,5.22621E-06,51,147.63,61.7,4.58311E-07,1.21452E-05,51,1605.8,45.6,4.13394E-08,5.2501E-06,51,533.54,52,0,4.20871E-06,51,525.77,68.2,1.07991E-07,1.81425E-05,51,704.48,48,2.67738E-08,4.25703E-06,51,1036,55.8,2.08659E-07,1.26239E-05,51,214.97,66.3,1.04613E-08,1.33173E-05,51,1481.48,63.4,0.00010747,0.001158974,51,798.4,66.5,0,1.51106E-05,51,830.8966667,69.9,0,7.84826E-06,51,2020.2,61.1,0,2.06858E-05,51,674.9,53.7,0,3.38305E-06,51,380.989,61.8,4.55581E-08,2.87016E-06,51,752.913,72.1,1.87016E-07,6.59898E-06,51,483.035,65.7,6.96725E-08,7.58435E-06,51,1685.0281,60.6,1.73267E-06,1.53053E-05,51,9875.67,57.4,0,3.64384E-06,51,598.549,56,1.23305E-08,6.65845E-06,51,433.0876856,71.8,3.43366E-06,4.57821E-06,51,1680,71.01356507,6.40205E-08,8.77081E-06,51,3400,43.7,0,3.44047E-06,51,38.1507,71.9,4.31872E-08,3.80048E-06,51,278.166,110.3,2.61461E-07,2.14921E-05,51,1450.4,57.9,0.000128484,0.000168602,51,1302,103,0.00013917,0.000164129,51,309,69,2.86526E-05,3.06818E-05,51,8.4175,38,2.60278E-05,2.8463E-05,51,255,18,,,,,,0.000166791,0.000168564,51,623,82,,,,,,,,,,,,,,,,,,,,,,,,,,,,,,,,,,,,,,,,,,,,,,,,,,,,,,,,,,,,,,,,,,,,,,,,,,,,2.14972E-05,2.20789E-05,51,251.3,18,,,,,,,,,,,,,,,,,,,,
